,Substrate SMILES,Alkene SMILES,Acid SMILES,Temp /C,ee
1,CC(C=C1)=CN=C1N2C=CC3=C2C=CC=C3,C=CCC1=CC=CC=C1,O=C(C1=CC=CC=C1)N2C(C(O)=O)N(C(C3=CC=CC=C3)=O)[C@@H](C4=CC=CC=C4)[C@@H]2C5=CC=CC=C5,25,92
2,CC(C=C1)=CN=C1N2C=CC3=C2C=CC=C3,C=CCC1=CC=CC=C1,O=C(C1=CC=CC=C1)N2C(C(O)=O)N(C(C3=CC=CC=C3)=O)[C@@H](C4=CC=CC=C4)[C@@H]2C5=CC=CC=C5,50,84
3,C12=C(C=CN2C3=NC=CC=C3)C=CC=C1,C=CCC1=CC=CC=C1,O=C(C1=CC=CC=C1)N2C(C(O)=O)N(C(C3=CC=CC=C3)=O)[C@@H](C4=CC=CC=C4)[C@@H]2C5=CC=CC=C5,50,76
4,CC1=CC(N2C=CC3=C2C=CC=C3)=NC=C1,C=CCC1=CC=CC=C1,O=C(C1=CC=CC=C1)N2C(C(O)=O)N(C(C3=CC=CC=C3)=O)[C@@H](C4=CC=CC=C4)[C@@H]2C5=CC=CC=C5,50,70
5,CC(C=C1)=CN=C1N2C=CC3=C2C=CC=C3,C=CCC1=CC=CC=C1,O=C(C1=CC=CC(C)=C1)N2C(C(O)=O)N(C(C3=CC(C)=CC=C3)=O)[C@@H](C4=CC=CC=C4)[C@@H]2C5=CC=CC=C5,25,82
6,CC(C=C1)=CN=C1N2C=CC3=C2C=CC=C3,C=CCC1=CC=CC=C1,O=C(C1=CC=CC2=C1C=CC=C2)N3C(C(O)=O)N(C(C4=C(C=CC=C5)C5=CC=C4)=O)[C@@H](C6=CC=CC=C6)[C@@H]3C7=CC=CC=C7,25,16
7,CC1=CC2=C(N(C=C2)C3=NC=C(C)C=C3)C=C1,C=CCC1=CC=CC=C1,O=C(C1=CC=CC=C1)N2C(C(O)=O)N(C(C3=CC=CC=C3)=O)[C@@H](C4=CC=CC=C4)[C@@H]2C5=CC=CC=C5,50,84
8,COC1=CC2=C(N(C=C2)C3=NC=C(C)C=C3)C=C1,C=CCC1=CC=CC=C1,O=C(C1=CC=CC=C1)N2C(C(O)=O)N(C(C3=CC=CC=C3)=O)[C@@H](C4=CC=CC=C4)[C@@H]2C5=CC=CC=C5,60,84
9,FC1=CC2=C(N(C=C2)C3=NC=C(C)C=C3)C=C1,C=CCC1=CC=CC=C1,O=C(C1=CC=CC=C1)N2C(C(O)=O)N(C(C3=CC=CC=C3)=O)[C@@H](C4=CC=CC=C4)[C@@H]2C5=CC=CC=C5,50,84
10,FC1=CC=CC2=C1C=CN2C3=NC=C(C)C=C3,C=CCC1=CC=CC=C1,O=C(C1=CC=CC=C1)N2C(C(O)=O)N(C(C3=CC=CC=C3)=O)[C@@H](C4=CC=CC=C4)[C@@H]2C5=CC=CC=C5,50,84
11,ClC1=CC(N2C3=NC=C(C)C=C3)=C(C=C2)C=C1,C=CCC1=CC=CC=C1,O=C(C1=CC=CC=C1)N2C(C(O)=O)N(C(C3=CC=CC=C3)=O)[C@@H](C4=CC=CC=C4)[C@@H]2C5=CC=CC=C5,50,82
12,BrC1=CC2=C(N(C=C2)C3=NC=C(C)C=C3)C=C1,C=CCC1=CC=CC=C1,O=C(C1=CC=CC=C1)N2C(C(O)=O)N(C(C3=CC=CC=C3)=O)[C@@H](C4=CC=CC=C4)[C@@H]2C5=CC=CC=C5,50,86
13,IC1=CC2=C(N(C=C2)C3=NC=C(C)C=C3)C=C1,C=CCC1=CC=CC=C1,O=C(C1=CC=CC=C1)N2C(C(O)=O)N(C(C3=CC=CC=C3)=O)[C@@H](C4=CC=CC=C4)[C@@H]2C5=CC=CC=C5,50,84
14,O=C(OC)C1=CC2=C(C=C1)C=CN2C3=NC=C(C)C=C3,C=CCC1=CC=CC=C1,O=C(C1=CC=CC=C1)N2C(C(O)=O)N(C(C3=CC=CC=C3)=O)[C@@H](C4=CC=CC=C4)[C@@H]2C5=CC=CC=C5,50,84
15,CC(C=C1)=CN=C1N2C=CC3=C2C=CC=C3,CC1=CC=C(CC=C)C=C1,O=C(C1=CC=CC=C1)N2C(C(O)=O)N(C(C3=CC=CC=C3)=O)[C@@H](C4=CC=CC=C4)[C@@H]2C5=CC=CC=C5,50,80
16,CC(C=C1)=CN=C1N2C=CC3=C2C=CC=C3,COC1=CC=C(CC=C)C=C1,O=C(C1=CC=CC=C1)N2C(C(O)=O)N(C(C3=CC=CC=C3)=O)[C@@H](C4=CC=CC=C4)[C@@H]2C5=CC=CC=C5,50,82
17,CC(C=C1)=CN=C1N2C=CC3=C2C=CC=C3,C=CCC1=CC=C(C2=CC=CC=C2)C=C1,O=C(C1=CC=CC=C1)N2C(C(O)=O)N(C(C3=CC=CC=C3)=O)[C@@H](C4=CC=CC=C4)[C@@H]2C5=CC=CC=C5,50,78
18,CC(C=C1)=CN=C1N2C=CC3=C2C=CC=C3,C=CCC1=CC=C(F)C=C1,O=C(C1=CC=CC=C1)N2C(C(O)=O)N(C(C3=CC=CC=C3)=O)[C@@H](C4=CC=CC=C4)[C@@H]2C5=CC=CC=C5,50,84
19,CC(C=C1)=CN=C1N2C=CC3=C2C=CC=C3,C=CCC1=CC=C(Cl)C=C1,O=C(C1=CC=CC=C1)N2C(C(O)=O)N(C(C3=CC=CC=C3)=O)[C@@H](C4=CC=CC=C4)[C@@H]2C5=CC=CC=C5,50,76
20,CC(C=C1)=CN=C1N2C=CC3=C2C=CC=C3,O=S(OC1=CC=C(CC=C)C=C1)(C(F)(F)F)=O,O=C(C1=CC=CC=C1)N2C(C(O)=O)N(C(C3=CC=CC=C3)=O)[C@@H](C4=CC=CC=C4)[C@@H]2C5=CC=CC=C5,50,74
21,CC(C=C1)=CN=C1N2C=CC3=C2C=CC=C3,C=CCC1=CC=C(C(OCC)=O)C=C1,O=C(C1=CC=CC=C1)N2C(C(O)=O)N(C(C3=CC=CC=C3)=O)[C@@H](C4=CC=CC=C4)[C@@H]2C5=CC=CC=C5,50,72
22,BrC1=CC2=C(N(C=C2)C3=NC=C(C)C=C3)C=C1,C=CCC1=CC=C(C2=CC=CC=C2)C=C1,O=C(C1=CC=CC=C1)N2C(C(O)=O)N(C(C3=CC=CC=C3)=O)[C@@H](C4=CC=CC=C4)[C@@H]2C5=CC=CC=C5,50,78
23,CC(C=C1)=CN=C1N2C=CC3=C2C=CC=C3,C=CCC1=C(C=CC=C1)Br,O=C(C1=CC=CC=C1)N2C(C(O)=O)N(C(C3=CC=CC=C3)=O)[C@@H](C4=CC=CC=C4)[C@@H]2C5=CC=CC=C5,50,84
24,CC(C=C1)=CN=C1N2C=CC3=C2C=CC=C3,COC1=CC=C(CC=C)C=C1O,O=C(C1=CC=CC=C1)N2C(C(O)=O)N(C(C3=CC=CC=C3)=O)[C@@H](C4=CC=CC=C4)[C@@H]2C5=CC=CC=C5,50,82
25,CC(C=C1)=CN=C1N2C=CC3=C2C=CC=C3,C=CCC1=CC=C(OC)C(OC(C)=O)=C1,O=C(C1=CC=CC=C1)N2C(C(O)=O)N(C(C3=CC=CC=C3)=O)[C@@H](C4=CC=CC=C4)[C@@H]2C5=CC=CC=C5,60,76
26,CC(C=C1)=CN=C1N2C=CC3=C2C=CC=C3,COC1=CC=C(CC=C)C=C1OC,O=C(C1=CC=CC=C1)N2C(C(O)=O)N(C(C3=CC=CC=C3)=O)[C@@H](C4=CC=CC=C4)[C@@H]2C5=CC=CC=C5,50,84
27,CC(C=C1)=CN=C1N2C=CC3=C2C=CC=C3,C=CCC1=CC=CC=C1,O=C(C1=CC=C(F)C=C1)N2C(C(O)=O)N(C(C3=CC=C(F)C=C3)=O)[C@@H](C4=CC=CC=C4)[C@@H]2C5=CC=CC=C5,25,92
28,CC(C=C1)=CN=C1N2C=CC3=C2C=CC=C3,C=CCC1=CC=CC=C1,O=C(C1=CC=C(C)C=C1)N2C(C(O)=O)N(C(C3=CC=C(C)C=C3)=O)[C@@H](C4=CC=CC=C4)[C@@H]2C5=CC=CC=C5,25,88
29,CC(C=C1)=CN=C1N2C=CC3=C2C=CC=C3,C=CCC1=CC=CC=C1,O=C(C1=CC=C(C(C)C)C=C1)N2C(C(O)=O)N(C(C3=CC=C(C(C)C)C=C3)=O)[C@@H](C4=CC=CC=C4)[C@@H]2C5=CC=CC=C5,25,88
30,CC(C=C1)=CN=C1N2C=CC3=C2C=CC=C3,C=CCC1=CC=CC=C1,O=C(C1=CC=C(C(C)(C)C)C=C1)N2C(C(O)=O)N(C(C3=CC=C(C(C)(C)C)C=C3)=O)[C@@H](C4=CC=CC=C4)[C@@H]2C5=CC=CC=C5,25,89
31,CC(C=C1)=CN=C1N2C=CC3=C2C=CC=C3,C=CCC1=CC=CC=C1,O=C(C1=CC=CC(C(F)(F)F)=C1)N2C(C(O)=O)N(C(C3=CC(C(F)(F)F)=CC=C3)=O)[C@@H](C4=CC=CC=C4)[C@@H]2C5=CC=CC=C5,25,90
32,CC(C=C1)=CN=C1N2C=CC3=C2C=CC=C3,C=CCC1=CC=CC=C1,O=C(C1=CC(C)=CC(C)=C1)N2C(C(O)=O)N(C(C3=CC(C)=CC(C)=C3)=O)[C@@H](C4=CC=CC=C4)[C@@H]2C5=CC=CC=C5,25,84
33,CC(C=C1)=CN=C1N2C=CC3=C2C=CC=C3,C=CCC1=CC=CC=C1,O=C(C1=CC=CC=C1)N2C(C(O)=O)N(C(C3=CC=CC=C3)=O)[C@@H](C4=CC5=C(C=CC=C5)C=C4)[C@@H]2C6=CC7=C(C=CC=C7)C=C6,25,60
34,CC(C=C1)=CN=C1N2C=CC3=C2C=CC=C3,C=CCCCCCC,O=C(C1=CC=C(C(C)(C)C)C=C1)N2C(C(O)=O)N(C(C3=CC=C(C(C)(C)C)C=C3)=O)[C@@H](C4=CC=CC=C4)[C@@H]2C5=CC=CC=C5,25,59
35,CC(C=C1)=CN=C1N2C=CC3=C2C=CC=C3,C=CCCCCCC,O=C(C1=CC(C(C)(C)C)=CC(C(C)(C)C)=C1)N2C(C(O)=O)N(C(C3=CC(C(C)(C)C)=CC(C(C)(C)C)=C3)=O)[C@@H](C4=CC=CC=C4)[C@@H]2C5=CC=CC=C5,25,58
36,CC(C=C1)=CN=C1N2C=CC3=C2C=CC=C3,C=CCCCCCC,O=C(C1=CC=C(OC)C=C1)N2C(C(O)=O)N(C(C3=CC=C(OC)C=C3)=O)[C@@H](C4=CC=CC=C4)[C@@H]2C5=CC=CC=C5,25,57
37,CC(C=C1)=CN=C1N2C=CC3=C2C=CC=C3,C=CCCCCCC,O=C(C1=CC=CC(C)=C1)N2C(C(O)=O)N(C(C3=CC(C)=CC=C3)=O)[C@@H](C4=CC=CC=C4)[C@@H]2C5=CC=CC=C5,25,56
38,CC(C=C1)=CN=C1N2C=CC3=C2C=CC=C3,C=CCCCCCC,O=C(C1=CC(C)=CC(C)=C1)N2C(C(O)=O)N(C(C3=CC(C)=CC(C)=C3)=O)[C@@H](C4=CC=CC=C4)[C@@H]2C5=CC=CC=C5,25,55
39,CC(C=C1)=CN=C1N2C=CC3=C2C=CC=C3,C=CCCCCCC,O=C(C1=CC=CC=C1)N2C(C(O)=O)N(C(C3=CC=CC=C3)=O)[C@@H](C4=CC5=C(C=CC=C5)C=C4)[C@@H]2C6=CC7=C(C=CC=C7)C=C6,25,54
40,CC(C=C1)=CN=C1N2C=CC3=C2C=CC=C3,C=CCCCCCC,O=C(C1=CC=C(C(C)C)C=C1)N2C(C(O)=O)N(C(C3=CC=C(C(C)C)C=C3)=O)[C@@H](C4=CC=CC=C4)[C@@H]2C5=CC=CC=C5,25,54
41,CC(C=C1)=CN=C1N2C=CC3=C2C=CC=C3,C=CCCCCCC,O=C(C1=CC=C(C)C=C1)N2C(C(O)=O)N(C(C3=CC=C(C)C=C3)=O)[C@@H](C4=CC=CC=C4)[C@@H]2C5=CC=CC=C5,25,52
42,CC(C=C1)=CN=C1N2C=CC3=C2C=CC=C3,C=CCCCCCC,O=C(C1=CC=CC(C)=C1)N2C(C(O)=O)N(C(C3=CC(C)=CC=C3)=O)[C@@H](C4=CC5=C(C=CC=C5)C=C4)[C@@H]2C6=CC7=C(C=CC=C7)C=C6,25,50
43,CC(C=C1)=CN=C1N2C=CC3=C2C=CC=C3,C=CCCCCCC,O=C(C1=CC=CC=C1)N2C(C(O)=O)N(C(C3=CC=CC=C3)=O)[C@@H](C4=CC=CC=C4)[C@@H]2C5=CC=CC=C5,25,48
44,CC(C=C1)=CN=C1N2C=CC3=C2C=CC=C3,C=CCCCCCC,O=C(C1=CC=C(Br)C=C1)N2C(C(O)=O)N(C(C3=CC=C(Br)C=C3)=O)[C@@H](C4=CC=CC=C4)[C@@H]2C5=CC=CC=C5,25,47
45,CC(C=C1)=CN=C1N2C=CC3=C2C=CC=C3,C=CCCCCCC,O=C(C1=CC=CC(C(F)(F)F)=C1)N2C(C(O)=O)N(C(C3=CC(C(F)(F)F)=CC=C3)=O)[C@@H](C4=CC=CC=C4)[C@@H]2C5=CC=CC=C5,25,47
46,CC(C=C1)=CN=C1N2C=CC3=C2C=CC=C3,C=CCCCCCC,O=C(C1=CC=CC(CC)=C1)N2C(C(O)=O)N(C(C3=CC(CC)=CC=C3)=O)[C@@H](C4=CC=CC=C4)[C@@H]2C5=CC=CC=C5,25,43
47,CC(C=C1)=CN=C1N2C=CC3=C2C=CC=C3,C=CCCCCCC,O=C(C1=CC=C(F)C=C1)N2C(C(O)=O)N(C(C3=CC=C(F)C=C3)=O)[C@@H](C4=CC=CC=C4)[C@@H]2C5=CC=CC=C5,25,43
48,CC(C=C1)=CN=C1N2C=CC3=C2C=CC=C3,C=CCCCCCC,O=C(C1=CC=C(Cl)C=C1)N2C(C(O)=O)N(C(C3=CC=C(Cl)C=C3)=O)[C@@H](C4=CC=CC=C4)[C@@H]2C5=CC=CC=C5,25,41
49,CC(C=C1)=CN=C1N2C=CC3=C2C=CC=C3,C=CCCCCCC,O=C(C1=CC=CC(Br)=C1)N2C(C(O)=O)N(C(C3=CC(Br)=CC=C3)=O)[C@@H](C4=CC=CC=C4)[C@@H]2C5=CC=CC=C5,25,38
50,CC(C=C1)=CN=C1N2C=CC3=C2C=CC=C3,C=CCCCCCC,O=C(C1=CC=C([N+]([O-])=O)C=C1)N2C(C(O)=O)N(C(C3=CC=C([N+]([O-])=O)C=C3)=O)[C@@H](C4=CC=CC=C4)[C@@H]2C5=CC=CC=C5,25,37
51,CC(C=C1)=CN=C1N2C=CC3=C2C=CC=C3,C=CCCCCCC,O=C(C1=CC=C(C(F)(F)F)C=C1)N2C(C(O)=O)N(C(C3=CC=C(C(F)(F)F)C=C3)=O)[C@@H](C4=CC=CC=C4)[C@@H]2C5=CC=CC=C5,25,35
52,CC(C=C1)=CN=C1N2C=CC3=C2C=CC=C3,C=CCCCCCC,O=C(CC1=CC=CC=C1)N2C(C(O)=O)N(C(CC3=CC=CC=C3)=O)[C@@H](C4=CC=CC=C4)[C@@H]2C5=CC=CC=C5,25,30
53,CC(C=C1)=CN=C1N2C=CC3=C2C=CC=C3,C=CCCCCCC,O=C(C1=CC=C(I)C=C1)N2C(C(O)=O)N(C(C3=CC=C(I)C=C3)=O)[C@@H](C4=CC=CC=C4)[C@@H]2C5=CC=CC=C5,25,29
54,CC(C=C1)=CN=C1N2C=CC3=C2C=CC=C3,C=CCCCCCC,O=C(C1=CC=CC2=C1C=CC=C2)N3C(C(O)=O)N(C(C4=C(C=CC=C5)C5=CC=C4)=O)[C@@H](C6=CC=CC=C6)[C@@H]3C7=CC=CC=C7,25,24
55,CC(C=C1)=CN=C1N2C=CC3=C2C=CC=C3,C=CCCCCCC,O=C(C1=CC(C(F)(F)F)=CC(C(F)(F)F)=C1)N2C(C(O)=O)N(C(C3=CC(C(F)(F)F)=CC(C(F)(F)F)=C3)=O)[C@@H](C4=CC=CC=C4)[C@@H]2C5=CC=CC=C5,25,23
56,CC(C=C1)=CN=C1N2C=CC3=C2C=CC=C3,C=CCCCCCC,O=C(CCCCC)N1C(C(O)=O)N(C(CCCCC)=O)[C@@H](C2=CC=CC=C2)[C@@H]1C3=CC=CC=C3,25,20
57,CC(C=C1)=CN=C1N2C=CC3=C2C=CC=C3,C=CCCCCCC,O=C(C1=CC=CC=C1C)N2C(C(O)=O)N(C(C3=C(C)C=CC=C3)=O)[C@@H](C4=CC=CC=C4)[C@@H]2C5=CC=CC=C5,25,20
58,CC(C=C1)=CN=C1N2C=CC3=C2C=CC=C3,C=CCCCCCC,O=C(C1=CC=CC=C1)N2C(C(O)=O)N(C(C3=CC=CC=C3)=O)[C@@H](C4=CC=CC=C4OC)[C@@H]2C5=C(OC)C=CC=C5,25,18
59,CC(C=C1)=CN=C1N2C=CC3=C2C=CC=C3,C=CCCC1=CC=CC=C1,O=C(C1=CC=CC=C1)N2C(C(O)=O)N(C(C3=CC=CC=C3)=O)[C@@H](C4=CC=CC=C4)[C@@H]2C5=CC=CC=C5,50,34
new,C12=C(C=CN2C3=NC=CC4=C3C=CC=C4)C=CC=C1,C=CCC1=CC=CC=C1,O=C(C1=CC=CC=C1)N2C(C(O)=O)N(C(C3=CC=CC=C3)=O)[C@@H](C4=CC=CC=C4)[C@@H]2C5=CC=CC=C5,25,87
new,C12=C(C=CN2C3=NC=CC4=C3C=CC=C4)C=CC=C1,C=CCC1=CC=CC=C1,O=C(C1=CC=C(F)C=C1)N2C(C(O)=O)N(C(C3=CC=C(F)C=C3)=O)[C@@H](C4=CC=CC=C4)[C@@H]2C5=CC=CC=C5,25,84
new,C12=C(C=CN2C3=NC=CC4=C3C=CC=C4)C=CC=C1,C=CCC1=CC=CC=C1,O=C(C1=CC=C(C)C=C1)N2C(C(O)=O)N(C(C3=CC=C(C)C=C3)=O)[C@@H](C4=CC=CC=C4)[C@@H]2C5=CC=CC=C5,25,86
new,C12=C(C=CN2C3=NC=CC4=C3C=CC=C4)C=CC=C1,C=CCC1=CC=CC=C1,O=C(C1=CC=C(C(C)C)C=C1)N2C(C(O)=O)N(C(C3=CC=C(C(C)C)C=C3)=O)[C@@H](C4=CC=CC=C4)[C@@H]2C5=CC=CC=C5,25,86
new,C12=C(C=CN2C3=NC=CC4=C3C=CC=C4)C=CC=C1,C=CCC1=CC=CC=C1,O=C(C1=CC=C(C(C)(C)C)C=C1)N2C(C(O)=O)N(C(C3=CC=C(C(C)(C)C)C=C3)=O)[C@@H](C4=CC=CC=C4)[C@@H]2C5=CC=CC=C5,25,85
new,C12=C(C=CN2C3=NC=CC4=C3C=CC=C4)C=CC=C1,C=CCC1=CC=CC=C1,O=C(C1=CC=CC(C(F)(F)F)=C1)N2C(C(O)=O)N(C(C3=CC(C(F)(F)F)=CC=C3)=O)[C@@H](C4=CC=CC=C4)[C@@H]2C5=CC=CC=C5,25,83
new,C12=C(C=CN2C3=NC=CC4=C3C=CC=C4)C=CC=C1,C=CCC1=CC=CC=C1,O=C(C1=CC=CC(C)=C1)N2C(C(O)=O)N(C(C3=CC(C)=CC=C3)=O)[C@@H](C4=CC=CC=C4)[C@@H]2C5=CC=CC=C5,25,74
new,C12=C(C=CN2C3=NC=CC4=C3C=CC=C4)C=CC=C1,C=CCC1=CC=CC=C1,O=C(C1=CC=CC2=C1C=CC=C2)N3C(C(O)=O)N(C(C4=C(C=CC=C5)C5=CC=C4)=O)[C@@H](C6=CC=CC=C6)[C@@H]3C7=CC=CC=C7,25,68
new,C12=C(C=CN2C3=NC=CC4=C3C=CC=C4)C=CC=C1,C=CCC1=CC=CC=C1,O=C(C1=CC=CC=C1)N2C(C(O)=O)N(C(C3=CC=CC=C3)=O)[C@@H](C4=CC5=C(C=CC=C5)C=C4)[C@@H]2C6=CC7=C(C=CC=C7)C=C6,25,71
new,C12=C(C=CN2C3=NC=CC4=C3C=CC=C4)C=CC=C1,C=CCC1=CC=CC=C1,O=C(C1=CC=CC(C)=C1)N2C(C(O)=O)N(C(C3=CC(C)=CC=C3)=O)[C@@H](C4=CC=C(C=CC=C5)C5=C4)[C@@H]2C6=CC(C=CC=C7)=C7C=C6,25,68
0,C12=C(C=CN2C3=NC=CC4=C3C=CC=C4)C=CC=C1,C=CCC1=CC=CC=C1,C7=CC=CC=C7[C@H]1[C@H](C8=CC=CC=C8)N(C(C2=C(C(F)(F)F)OC=C2)=O)C(C(O)=O)N1C(C1=C(C(F)(F)F)OC=C1)=O,25,
1,C12=C(C=CN2C3=NC=CC4=C3C=CC=C4)C=CC=C1,C=CCC1=CC=CC=C1,C7=CC=CC=C7[C@H]%45[C@H](C8=CC=CC=C8)N(C(C%46=CC=C(C(C)(C)C)C=C%46)=O)C(C(O)=O)N%45C(C%47=CC=C(C(C)(C)C)C=C%47)=O,25,
2,C12=C(C=CN2C3=NC=CC4=C3C=CC=C4)C=CC=C1,C=CCC1=CC=CC=C1,C7=CC=CC=C7[C@H]1[C@H](C8=CC=CC=C8)N(C(C2=CC=CO2)=O)C(C(O)=O)N1C(C1=CC=CO1)=O,25,
3,C12=C(C=CN2C3=NC=CC4=C3C=CC=C4)C=CC=C1,C=CCC1=CC=CC=C1,C7=CC=CC=C7[C@H]1[C@H](C8=CC=CC=C8)N(C(C2=CC=C(F)C=C2)=O)C(C(O)=O)N1C(C3=CC=C(F)C=C3)=O,25,
4,C12=C(C=CN2C3=NC=CC4=C3C=CC=C4)C=CC=C1,C=CCC1=CC=CC=C1,C7=CC=CC=C7[C@H]1[C@H](C8=CC=CC=C8)N(C(C2=CC=C(Cl)O2)=O)C(C(O)=O)N1C(C1=CC=C(Cl)O1)=O,25,
5,C12=C(C=CN2C3=NC=CC4=C3C=CC=C4)C=CC=C1,C=CCC1=CC=CC=C1,C7=CC=CC=C7[C@H]%16[C@H](C8=CC=CC=C8)N(C(C%17=CSC=C%17OC)=O)C(C(O)=O)N%16C(C%18=CSC=C%18OC)=O,25,
6,C12=C(C=CN2C3=NC=CC4=C3C=CC=C4)C=CC=C1,C=CCC1=CC=CC=C1,C7=CC=CC=C7[C@H]1[C@H](C8=CC=CC=C8)N(C(C2=C(Cl)C=CC=C2)=O)C(C(O)=O)N1C(C1=CC=CC=C1Cl)=O,25,
7,C12=C(C=CN2C3=NC=CC4=C3C=CC=C4)C=CC=C1,C=CCC1=CC=CC=C1,C7=CC=CC=C7[C@H]1[C@H](C8=CC=CC=C8)N(C(C2=CC(C)=C(C)C=C2)=O)C(C(O)=O)N1C(C1=CC=C(C)C(C)=C1)=O,25,
8,C12=C(C=CN2C3=NC=CC4=C3C=CC=C4)C=CC=C1,C=CCC1=CC=CC=C1,C7=CC=CC=C7[C@H]%13[C@H](C8=CC=CC=C8)N(C(C%14=C(F)C=CS%14)=O)C(C(O)=O)N%13C(C%15=C(F)C=CS%15)=O,25,
9,C12=C(C=CN2C3=NC=CC4=C3C=CC=C4)C=CC=C1,C=CCC1=CC=CC=C1,C7=CC=CC=C7[C@H]1[C@H](C8=CC=CC=C8)N(C(C2=C(C)OC(C3=CC=CC=C3)=C2)=O)C(C(O)=O)N1C(C1=C(C)OC(C2=CC=CC=C2)=C1)=O,25,
10,C12=C(C=CN2C3=NC=CC4=C3C=CC=C4)C=CC=C1,C=CCC1=CC=CC=C1,C7=CC=CC=C7[C@H]1[C@H](C8=CC=CC=C8)N(C(C2=CC=C(Cl)S2)=O)C(C(O)=O)N1C(C1=CC=C(Cl)S1)=O,25,
11,C12=C(C=CN2C3=NC=CC4=C3C=CC=C4)C=CC=C1,C=CCC1=CC=CC=C1,C7=CC=CC=C7[C@H]%36[C@H](C8=CC=CC=C8)N(C(C%37=CC=C(C)C=C%37)=O)C(C(O)=O)N%36C(C%38=CC=C(C)C=C%38)=O,25,
12,C12=C(C=CN2C3=NC=CC4=C3C=CC=C4)C=CC=C1,C=CCC1=CC=CC=C1,C7=CC=CC=C7[C@H]4[C@H](C8=CC=CC=C8)N(C(C5=CC=CS5)=O)C(C(O)=O)N4C(C6=CC=CS6)=O,25,
13,C12=C(C=CN2C3=NC=CC4=C3C=CC=C4)C=CC=C1,C=CCC1=CC=CC=C1,C7=CC=CC=C7[C@H]1[C@H](C8=CC=CC=C8)N(C(C2=C(F)C=CC=C2)=O)C(C(O)=O)N1C(C1=CC=CC=C1F)=O,25,
14,C12=C(C=CN2C3=NC=CC4=C3C=CC=C4)C=CC=C1,C=CCC1=CC=CC=C1,C7=CC=CC=C7[C@H]1[C@H](C8=CC=CC=C8)N(C(C2=C([N+]([O-])=O)C=CC=C2)=O)C(C(O)=O)N1C(C1=CC=CC=C1[N+]([O-])=O)=O,25,
15,C12=C(C=CN2C3=NC=CC4=C3C=CC=C4)C=CC=C1,C=CCC1=CC=CC=C1,C7=CC=CC=C7[C@H]1[C@H](C8=CC=CC=C8)N(C(C2=COC=C2C)=O)C(C(O)=O)N1C(C1=COC=C1C)=O,25,
16,C12=C(C=CN2C3=NC=CC4=C3C=CC=C4)C=CC=C1,C=CCC1=CC=CC=C1,C7=CC=CC=C7[C@H]1[C@H](C8=CC=CC=C8)N(C(C2=C(OC)C=CC=C2)=O)C(C(O)=O)N1C(C1=CC=CC=C1OC)=O,25,
17,C12=C(C=CN2C3=NC=CC4=C3C=CC=C4)C=CC=C1,C=CCC1=CC=CC=C1,C7=CC=CC=C7[C@H]1[C@H](C8=CC=CC=C8)N(C(C2=C(C)C(C=CC=C3)=C3O2)=O)C(C(O)=O)N1C(C1=C(C)C2=C(C=CC=C2)O1)=O,25,
18,C12=C(C=CN2C3=NC=CC4=C3C=CC=C4)C=CC=C1,C=CCC1=CC=CC=C1,C7=CC=CC=C7[C@H]%68[C@H](C8=CC=CC=C8)N(C(C%69=CC=C(OC)C=C%69)=O)C(C(O)=O)N%68C(C%70=CC=C(OC)C=C%70)=O,25,
19,C12=C(C=CN2C3=NC=CC4=C3C=CC=C4)C=CC=C1,C=CCC1=CC=CC=C1,C7=CC=CC=C7[C@H]1[C@H](C8=CC=CC=C8)N(C(C2=COC(C)=C2)=O)C(C(O)=O)N1C(C1=COC(C)=C1)=O,25,
20,C12=C(C=CN2C3=NC=CC4=C3C=CC=C4)C=CC=C1,C=CCC1=CC=CC=C1,C7=CC=CC=C7[C@H]%56[C@H](C8=CC=CC=C8)N(C(C%57=CC=CC(Cl)=C%57)=O)C(C(O)=O)N%56C(C%58=CC(Cl)=CC=C%58)=O,25,
21,C12=C(C=CN2C3=NC=CC4=C3C=CC=C4)C=CC=C1,C=CCC1=CC=CC=C1,C7=CC=CC=C7[C@H]1[C@H](C8=CC=CC=C8)N(C(C2=C(C)C=CS2)=O)C(C(O)=O)N1C(C1=C(C)C=CS1)=O,25,
22,C12=C(C=CN2C3=NC=CC4=C3C=CC=C4)C=CC=C1,C=CCC1=CC=CC=C1,C7=CC=CC=C7[C@H]%89[C@H](C8=CC=CC=C8)N(C(C%90=CC=CC(C(C)(C)C)=C%90)=O)C(C(O)=O)N%89C(C%91=CC(C(C)(C)C)=CC=C%91)=O,25,
23,C12=C(C=CN2C3=NC=CC4=C3C=CC=C4)C=CC=C1,C=CCC1=CC=CC=C1,C7=CC=CC=C7[C@H]1[C@H](C8=CC=CC=C8)N(C(C2=C(C#N)C=CC=C2)=O)C(C(O)=O)N1C(C1=CC=CC=C1C#N)=O,25,
24,C12=C(C=CN2C3=NC=CC4=C3C=CC=C4)C=CC=C1,C=CCC1=CC=CC=C1,C7=CC=CC=C7[C@H]1[C@H](C8=CC=CC=C8)N(C(C2=C(C)OC(C)=C2)=O)C(C(O)=O)N1C(C1=C(C)OC(C)=C1)=O,25,
25,C12=C(C=CN2C3=NC=CC4=C3C=CC=C4)C=CC=C1,C=CCC1=CC=CC=C1,C7=CC=CC=C7[C@H]%59[C@H](C8=CC=CC=C8)N(C(C%60=CC=CC(Br)=C%60)=O)C(C(O)=O)N%59C(C%61=CC(Br)=CC=C%61)=O,25,
26,C12=C(C=CN2C3=NC=CC4=C3C=CC=C4)C=CC=C1,C=CCC1=CC=CC=C1,C7=CC=CC=C7[C@H]1[C@H](C8=CC=CC=C8)N(C(CCCCC)=O)C(C(O)=O)N1C(CCCCC)=O,25,
27,C12=C(C=CN2C3=NC=CC4=C3C=CC=C4)C=CC=C1,C=CCC1=CC=CC=C1,C7=CC=CC=C7[C@H]1[C@H](C8=CC=CC=C8)N(C(C2=C(I)C=CC=C2)=O)C(C(O)=O)N1C(C1=CC=CC=C1I)=O,25,
28,C12=C(C=CN2C3=NC=CC4=C3C=CC=C4)C=CC=C1,C=CCC1=CC=CC=C1,C7=CC=CC=C7[C@H]1[C@H](C8=CC=CC=C8)N(C(C2=C(Cl)SC(Cl)=C2)=O)C(C(O)=O)N1C(C1=C(Cl)SC(Cl)=C1)=O,25,
29,C12=C(C=CN2C3=NC=CC4=C3C=CC=C4)C=CC=C1,C=CCC1=CC=CC=C1,C7=CC=CC=C7[C@H]1[C@H](C8=CC=CC=C8)N(C(C2=CC(C)=CS2)=O)C(C(O)=O)N1C(C1=CC(C)=CS1)=O,25,
30,C12=C(C=CN2C3=NC=CC4=C3C=CC=C4)C=CC=C1,C=CCC1=CC=CC=C1,C7=CC=CC=C7[C@H]1[C@H](C8=CC=CC=C8)N(C(C2=C(C)C=CC=C2)=O)C(C(O)=O)N1C(C1=CC=CC=C1C)=O,25,
31,C12=C(C=CN2C3=NC=CC4=C3C=CC=C4)C=CC=C1,C=CCC1=CC=CC=C1,C7=CC=CC=C7[C@H]%74[C@H](C8=CC=CC=C8)N(C(C%75=CC=C(C#N)C=C%75)=O)C(C(O)=O)N%74C(C%76=CC=C(C#N)C=C%76)=O,25,
32,C12=C(C=CN2C3=NC=CC4=C3C=CC=C4)C=CC=C1,C=CCC1=CC=CC=C1,C7=CC=CC=C7[C@H]1[C@H](C8=CC=CC=C8)N(C(C2=C(Br)C=CC=C2)=O)C(C(O)=O)N1C(C1=CC=CC=C1Br)=O,25,
33,C12=C(C=CN2C3=NC=CC4=C3C=CC=C4)C=CC=C1,C=CCC1=CC=CC=C1,C7=CC=CC=C7[C@H]%71[C@H](C8=CC=CC=C8)N(C(C%72=CC=CC(C#N)=C%72)=O)C(C(O)=O)N%71C(C%73=CC(C#N)=CC=C%73)=O,25,
34,C12=C(C=CN2C3=NC=CC4=C3C=CC=C4)C=CC=C1,C=CCC1=CC=CC=C1,C7=CC=CC=C7[C@H]1[C@H](C8=CC=CC=C8)N(C(C2=CSC=C2Br)=O)C(C(O)=O)N1C(C1=CSC=C1Br)=O,25,
35,C12=C(C=CN2C3=NC=CC4=C3C=CC=C4)C=CC=C1,C=CCC1=CC=CC=C1,C7=CC=CC=C7[C@H]1[C@H](C8=CC=CC=C8)N(C(C2=CC(C)=CC(C)=C2)=O)C(C(O)=O)N1C(C1=CC(C)=CC(C)=C1)=O,25,
36,C12=C(C=CN2C3=NC=CC4=C3C=CC=C4)C=CC=C1,C=CCC1=CC=CC=C1,C7=CC=CC=C7[C@H]1[C@H](C8=CC=CC=C8)N(C(C2=C(C3=CC=CC=C3)C=CC=C2)=O)C(C(O)=O)N1C(C1=CC=CC=C1C1=CC=CC=C1)=O,25,
37,C12=C(C=CN2C3=NC=CC4=C3C=CC=C4)C=CC=C1,C=CCC1=CC=CC=C1,C7=CC=CC=C7[C@H]1[C@H](C8=CC=CC=C8)N(C(C2=COC3=C2C=CC=C3)=O)C(C(O)=O)N1C(C1=COC2=C1C=CC=C2)=O,25,
38,C12=C(C=CN2C3=NC=CC4=C3C=CC=C4)C=CC=C1,C=CCC1=CC=CC=C1,C7=CC=CC=C7[C@H]%53[C@H](C8=CC=CC=C8)N(C(C%54=CC=CC(F)=C%54)=O)C(C(O)=O)N%53C(C%55=CC(F)=CC=C%55)=O,25,
39,C12=C(C=CN2C3=NC=CC4=C3C=CC=C4)C=CC=C1,C=CCC1=CC=CC=C1,C7=CC=CC=C7[C@H]1[C@H](C8=CC=CC=C8)N(C(C2=CC(C(F)(F)F)=CC(C(F)(F)F)=C2)=O)C(C(O)=O)N1C(C1=CC(C(F)(F)F)=CC(C(F)(F)F)=C1)=O,25,
40,C12=C(C=CN2C3=NC=CC4=C3C=CC=C4)C=CC=C1,C=CCC1=CC=CC=C1,C7=CC=CC=C7[C@H]%42[C@H](C8=CC=CC=C8)N(C(C%43=CC=C(C(C)C)C=C%43)=O)C(C(O)=O)N%42C(C%44=CC=C(C(C)C)C=C%44)=O,25,
41,C12=C(C=CN2C3=NC=CC4=C3C=CC=C4)C=CC=C1,C=CCC1=CC=CC=C1,C7=CC=CC=C7[C@H]1[C@H](C8=CC=CC=C8)N(C(C2=C(C3=CC=CC=C3)OC(C)=C2)=O)C(C(O)=O)N1C(C1=C(C2=CC=CC=C2)OC(C)=C1)=O,25,
42,C12=C(C=CN2C3=NC=CC4=C3C=CC=C4)C=CC=C1,C=CCC1=CC=CC=C1,C7=CC=CC=C7[C@H]1[C@H](C8=CC=CC=C8)N(C(C2=C(C=CC=C3)C3=CC=C2)=O)C(C(O)=O)N1C(C1=CC=CC2=C1C=CC=C2)=O,25,
43,C12=C(C=CN2C3=NC=CC4=C3C=CC=C4)C=CC=C1,C=CCC1=CC=CC=C1,C7=CC=CC=C7[C@H]1[C@H](C8=CC=CC=C8)N(C(C2=CC(C)=C(C)O2)=O)C(C(O)=O)N1C(C1=CC(C)=C(C)O1)=O,25,
44,C12=C(C=CN2C3=NC=CC4=C3C=CC=C4)C=CC=C1,C=CCC1=CC=CC=C1,C7=CC=CC=C7[C@H]%77[C@H](C8=CC=CC=C8)N(C(C%78=CC=CC([N+]([O-])=O)=C%78)=O)C(C(O)=O)N%77C(C%79=CC([N+]([O-])=O)=CC=C%79)=O,25,
45,C12=C(C=CN2C3=NC=CC4=C3C=CC=C4)C=CC=C1,C=CCC1=CC=CC=C1,C7=CC=CC=C7[C@H]%62[C@H](C8=CC=CC=C8)N(C(C%63=CC=CC(I)=C%63)=O)C(C(O)=O)N%62C(C%64=CC(I)=CC=C%64)=O,25,
46,C12=C(C=CN2C3=NC=CC4=C3C=CC=C4)C=CC=C1,C=CCC1=CC=CC=C1,C7=CC=CC=C7[C@H]1[C@H](C8=CC=CC=C8)N(C(C2=COC=C2)=O)C(C(O)=O)N1C(C1=COC=C1)=O,25,
47,C12=C(C=CN2C3=NC=CC4=C3C=CC=C4)C=CC=C1,C=CCC1=CC=CC=C1,C7=CC=CC=C7[C@H]1[C@H](C8=CC=CC=C8)N(C(C2=CC(CCCC3)=C3S2)=O)C(C(O)=O)N1C(C1=CC2=C(CCCC2)S1)=O,25,
48,C12=C(C=CN2C3=NC=CC4=C3C=CC=C4)C=CC=C1,C=CCC1=CC=CC=C1,C7=CC=CC=C7[C@H]1[C@H](C8=CC=CC=C8)N(C(C2=CC(C=CC=C3)=C3O2)=O)C(C(O)=O)N1C(C1=CC2=C(C=CC=C2)O1)=O,25,
49,C12=C(C=CN2C3=NC=CC4=C3C=CC=C4)C=CC=C1,C=CCC1=CC=CC=C1,C7=CC=CC=C7[C@H]1[C@H](C8=CC=CC=C8)N(C(C2=C(C(C)C)C=CC=C2)=O)C(C(O)=O)N1C(C1=CC=CC=C1C(C)C)=O,25,
50,C12=C(C=CN2C3=NC=CC4=C3C=CC=C4)C=CC=C1,C=CCC1=CC=CC=C1,C7=CC=CC=C7[C@H]1[C@H](C8=CC=CC=C8)N(C(C2=CC=C(C)O2)=O)C(C(O)=O)N1C(C1=CC=C(C)O1)=O,25,
51,C12=C(C=CN2C3=NC=CC4=C3C=CC=C4)C=CC=C1,C=CCC1=CC=CC=C1,C7=CC=CC=C7[C@H]1[C@H](C8=CC=CC=C8)N(C(C2=CC=C(Br)S2)=O)C(C(O)=O)N1C(C1=CC=C(Br)S1)=O,25,
52,C12=C(C=CN2C3=NC=CC4=C3C=CC=C4)C=CC=C1,C=CCC1=CC=CC=C1,C7=CC=CC=C7[C@H]1[C@H](C8=CC=CC=C8)N(C(C2=CC=C(C)S2)=O)C(C(O)=O)N1C(C1=CC=C(C)S1)=O,25,
53,C12=C(C=CN2C3=NC=CC4=C3C=CC=C4)C=CC=C1,C=CCC1=CC=CC=C1,C7=CC=CC=C7[C@H]1[C@H](C8=CC=CC=C8)N(C(C2=CC=C(C=CC=C3)C3=C2)=O)C(C(O)=O)N1C(C1=CC(C=CC=C2)=C2C=C1)=O,25,
54,C12=C(C=CN2C3=NC=CC4=C3C=CC=C4)C=CC=C1,C=CCC1=CC=CC=C1,C7=CC=CC=C7[C@H]%83[C@H](C8=CC=CC=C8)N(C(C%84=CC=CC(CC)=C%84)=O)C(C(O)=O)N%83C(C%85=CC(CC)=CC=C%85)=O,25,
55,C12=C(C=CN2C3=NC=CC4=C3C=CC=C4)C=CC=C1,C=CCC1=CC=CC=C1,C7=CC=CC=C7[C@H]1[C@H](C8=CC=CC=C8)N(C(C2=C(Br)C=CS2)=O)C(C(O)=O)N1C(C1=C(Br)C=CS1)=O,25,
56,C12=C(C=CN2C3=NC=CC4=C3C=CC=C4)C=CC=C1,C=CCC1=CC=CC=C1,C7=CC=CC=C7[C@H]%24[C@H](C8=CC=CC=C8)N(C(C%25=CC=C(Br)C=C%25)=O)C(C(O)=O)N%24C(C%26=CC=C(Br)C=C%26)=O,25,
57,C12=C(C=CN2C3=NC=CC4=C3C=CC=C4)C=CC=C1,C=CCC1=CC=CC=C1,C7=CC=CC=C7[C@H]%65[C@H](C8=CC=CC=C8)N(C(C%66=CC=CC(C(F)(F)F)=C%66)=O)C(C(O)=O)N%65C(C%67=CC(C(F)(F)F)=CC=C%67)=O,25,
58,C12=C(C=CN2C3=NC=CC4=C3C=CC=C4)C=CC=C1,C=CCC1=CC=CC=C1,C7=CC=CC=C7[C@H]1[C@H](C8=CC=CC=C8)N(C(C2=CC=C(C#N)O2)=O)C(C(O)=O)N1C(C1=CC=C(C#N)O1)=O,25,
59,C12=C(C=CN2C3=NC=CC4=C3C=CC=C4)C=CC=C1,C=CCC1=CC=CC=C1,C7=CC=CC=C7[C@H]1[C@H](C8=CC=CC=C8)N(C(CC2=CC=CC=C2)=O)C(C(O)=O)N1C(CC1=CC=CC=C1)=O,25,
60,C12=C(C=CN2C3=NC=CC4=C3C=CC=C4)C=CC=C1,C=CCC1=CC=CC=C1,C7=CC=CC=C7[C@H]1[C@H](C8=CC=CC=C8)N(C(C2=CSC(C)=C2)=O)C(C(O)=O)N1C(C1=CSC(C)=C1)=O,25,
61,C12=C(C=CN2C3=NC=CC4=C3C=CC=C4)C=CC=C1,C=CCC1=CC=CC=C1,C7=CC=CC=C7[C@H]1[C@H](C8=CC=CC=C8)N(C(C2=CC=C(C3=CC=CC=C3)O2)=O)C(C(O)=O)N1C(C1=CC=C(C2=CC=CC=C2)O1)=O,25,
62,C12=C(C=CN2C3=NC=CC4=C3C=CC=C4)C=CC=C1,C=CCC1=CC=CC=C1,C7=CC=CC=C7[C@H]%21[C@H](C8=CC=CC=C8)N(C(C%22=CC=C(Cl)C=C%22)=O)C(C(O)=O)N%21C(C%23=CC=C(Cl)C=C%23)=O,25,
63,C12=C(C=CN2C3=NC=CC4=C3C=CC=C4)C=CC=C1,C=CCC1=CC=CC=C1,C7=CC=CC=C7[C@H]%86[C@H](C8=CC=CC=C8)N(C(C%87=CC=CC(C(C)C)=C%87)=O)C(C(O)=O)N%86C(C%88=CC(C(C)C)=CC=C%88)=O,25,
64,C12=C(C=CN2C3=NC=CC4=C3C=CC=C4)C=CC=C1,C=CCC1=CC=CC=C1,C7=CC=CC=C7[C@H]%97[C@H](C8=CC=CC=C8)N(C(C%98=CC=CC(OC)=C%98)=O)C(C(O)=O)N%97C(C%99=CC(OC)=CC=C%99)=O,25,
65,C12=C(C=CN2C3=NC=CC4=C3C=CC=C4)C=CC=C1,C=CCC1=CC=CC=C1,C7=CC=CC=C7[C@H]1[C@H](C8=CC=CC=C8)N(C(C2=C(C(C)(C)C)C=CC=C2)=O)C(C(O)=O)N1C(C1=CC=CC=C1C(C)(C)C)=O,25,
66,C12=C(C=CN2C3=NC=CC4=C3C=CC=C4)C=CC=C1,C=CCC1=CC=CC=C1,C7=CC=CC=C7[C@H]1[C@H](C8=CC=CC=C8)N(C(C2=C(C)C=CO2)=O)C(C(O)=O)N1C(C1=C(C)C=CO1)=O,25,
67,C12=C(C=CN2C3=NC=CC4=C3C=CC=C4)C=CC=C1,C=CCC1=CC=CC=C1,C7=CC=CC=C7[C@H]%27[C@H](C8=CC=CC=C8)N(C(C%28=CC=C(I)C=C%28)=O)C(C(O)=O)N%27C(C%29=CC=C(I)C=C%29)=O,25,
68,C12=C(C=CN2C3=NC=CC4=C3C=CC=C4)C=CC=C1,C=CCC1=CC=CC=C1,C7=CC=CC=C7[C@H]7[C@H](C8=CC=CC=C8)N(C(C8=CC=CC=C8)=O)C(C(O)=O)N7C(C9=CC=CC=C9)=O,25,
69,C12=C(C=CN2C3=NC=CC4=C3C=CC=C4)C=CC=C1,C=CCC1=CC=CC=C1,C7=CC=CC=C7[C@H]1[C@H](C8=CC=CC=C8)N(C(C2=CSC3=C2C=CC=C3)=O)C(C(O)=O)N1C(C1=CSC2=C1C=CC=C2)=O,25,
70,C12=C(C=CN2C3=NC=CC4=C3C=CC=C4)C=CC=C1,C=CCC1=CC=CC=C1,C7=CC=CC=C7[C@H]%48[C@H](C8=CC=CC=C8)N(C(C%49=CC=C(C%50=CC=CC=C%50)C=C%49)=O)C(C(O)=O)N%48C(C%51=CC=C(C%52=CC=CC=C%52)C=C%51)=O,25,
71,C12=C(C=CN2C3=NC=CC4=C3C=CC=C4)C=CC=C1,C=CCC1=CC=CC=C1,C7=CC=CC=C7[C@H]1[C@H](C8=CC=CC=C8)N(C(C2=C(C(F)(F)F)C=CC=C2)=O)C(C(O)=O)N1C(C1=CC=CC=C1C(F)(F)F)=O,25,
72,C12=C(C=CN2C3=NC=CC4=C3C=CC=C4)C=CC=C1,C=CCC1=CC=CC=C1,C7=CC=CC=C7[C@H]1[C@H](C8=CC=CC=C8)N(C(C2=CC=C([N+]([O-])=O)O2)=O)C(C(O)=O)N1C(C1=CC=C([N+]([O-])=O)O1)=O,25,
73,C12=C(C=CN2C3=NC=CC4=C3C=CC=C4)C=CC=C1,C=CCC1=CC=CC=C1,C7=CC=CC=C7[C@H]1[C@H](C8=CC=CC=C8)N(C(C2=COC(Br)=C2)=O)C(C(O)=O)N1C(C1=COC(Br)=C1)=O,25,
74,C12=C(C=CN2C3=NC=CC4=C3C=CC=C4)C=CC=C1,C=CCC1=CC=CC=C1,C7=CC=CC=C7[C@H]1[C@H](C8=CC=CC=C8)N(C(C2=C(Br)SC=C2)=O)C(C(O)=O)N1C(C1=C(Br)SC=C1)=O,25,
75,C12=C(C=CN2C3=NC=CC4=C3C=CC=C4)C=CC=C1,C=CCC1=CC=CC=C1,C7=CC=CC=C7[C@H]1[C@H](C8=CC=CC=C8)N(C(C2=CC(C(C)(C)C)=CC(C(C)(C)C)=C2)=O)C(C(O)=O)N1C(C1=CC(C(C)(C)C)=CC(C(C)(C)C)=C1)=O,25,
76,C12=C(C=CN2C3=NC=CC4=C3C=CC=C4)C=CC=C1,C=CCC1=CC=CC=C1,C7=CC=CC=C7[C@H]1[C@H](C8=CC=CC=C8)N(C(C2=C(C)OC=C2)=O)C(C(O)=O)N1C(C1=C(C)OC=C1)=O,25,
77,C12=C(C=CN2C3=NC=CC4=C3C=CC=C4)C=CC=C1,C=CCC1=CC=CC=C1,C7=CC=CC=C7[C@H]1[C@H](C8=CC=CC=C8)N(C(C2=C(C(F)(F)F)OC(C)=C2)=O)C(C(O)=O)N1C(C1=C(C(F)(F)F)OC(C)=C1)=O,25,
78,C12=C(C=CN2C3=NC=CC4=C3C=CC=C4)C=CC=C1,C=CCC1=CC=CC=C1,C7=CC=CC=C7[C@H]%30[C@H](C8=CC=CC=C8)N(C(C%31=CC=C(C(F)(F)F)C=C%31)=O)C(C(O)=O)N%30C(C%32=CC=C(C(F)(F)F)C=C%32)=O,25,
79,C12=C(C=CN2C3=NC=CC4=C3C=CC=C4)C=CC=C1,C=CCC1=CC=CC=C1,C7=CC=CC=C7[C@H]%92[C@H](C8=CC=CC=C8)N(C(C%93=CC=CC(C%94=CC=CC=C%94)=C%93)=O)C(C(O)=O)N%92C(C%95=CC(C%96=CC=CC=C%96)=CC=C%95)=O,25,
80,C12=C(C=CN2C3=NC=CC4=C3C=CC=C4)C=CC=C1,C=CCC1=CC=CC=C1,C7=CC=CC=C7[C@H]%10[C@H](C8=CC=CC=C8)N(C(C%11=CSC=C%11)=O)C(C(O)=O)N%10C(C%12=CSC=C%12)=O,25,
81,C12=C(C=CN2C3=NC=CC4=C3C=CC=C4)C=CC=C1,C=CCC1=CC=CC=C1,C7=CC=CC=C7[C@H]1[C@H](C8=CC=CC=C8)N(C(C2=C(CC)C=CC=C2)=O)C(C(O)=O)N1C(C1=CC=CC=C1CC)=O,25,
82,C12=C(C=CN2C3=NC=CC4=C3C=CC=C4)C=CC=C1,C=CCC1=CC=CC=C1,C7=CC=CC=C7[C@H]%33[C@H](C8=CC=CC=C8)N(C(C%34=CC=C([N+]([O-])=O)C=C%34)=O)C(C(O)=O)N%33C(C%35=CC=C([N+]([O-])=O)C=C%35)=O,25,
83,C12=C(C=CN2C3=NC=CC4=C3C=CC=C4)C=CC=C1,C=CCC1=CC=CC=C1,C7=CC=CC=C7[C@H]%39[C@H](C8=CC=CC=C8)N(C(C%40=CC=C(CC)C=C%40)=O)C(C(O)=O)N%39C(C%41=CC=C(CC)C=C%41)=O,25,
84,C12=C(C=CN2C3=NC=CC4=C3C=CC=C4)C=CC=C1,C=CCC1=CC=CC=C1,C7=CC=CC=C7[C@H]%80[C@H](C8=CC=CC=C8)N(C(C%81=CC=CC(C)=C%81)=O)C(C(O)=O)N%80C(C%82=CC(C)=CC=C%82)=O,25,
85,C12=C(C=CN2C3=NC=CC4=C3C=CC=C4)C=CC=C1,C=CCC1=CC=CC=C1,C7=CC=CC=C7[C@H]1[C@H](C8=CC=CC=C8)N(C(C2=C(Br)C=CO2)=O)C(C(O)=O)N1C(C1=C(Br)C=CO1)=O,25,
86,C12=C(C=CN2C3=NC=CC4=C3C=CC=C4)C=CC=C1,C=CCC1=CC=CC=C1,C7=CC=CC=C7[C@H]1[C@H](C8=CC=CC=C8)N(C(C2=CC(Br)=CS2)=O)C(C(O)=O)N1C(C1=CC(Br)=CS1)=O,25,
87,C12=C(C=CN2C3=NC=CC4=C3C=CC=C4)C=CC=C1,C=CCC1=CC=CC=C1,C7=CC=CC=C7[C@H]1[C@H](C8=CC=CC=C8)N(C(C2=CC(C=CC=C3)=C3S2)=O)C(C(O)=O)N1C(C1=CC2=C(C=CC=C2)S1)=O,25,
88,C12=C(C=CN2C3=NC=CC4=C3C=CC=C4)C=CC=C1,C=CCC1=CC=CC=C1,C7=CC=CC=C7[C@H]1[C@H](C8=CC=CC=C8)N(C(C2=C(Br)OC=C2)=O)C(C(O)=O)N1C(C1=C(Br)OC=C1)=O,25,
89,C12=C(C=CN2C3=NC=CC4=C3C=CC=C4)C=CC=C1,C=CCC1=CC=CC=C1,C7=CC=CC=C7[C@H]1[C@H](C8=CC=CC=C8)N(C(C2=C(C)OC=C2C)=O)C(C(O)=O)N1C(C1=C(C)OC=C1C)=O,25,
90,C12=C(C=CN2C3=NC=CC4=C3C=CC=C4)C=CC=C1,C=CCC1=CC=CC=C1,C6=CC=CC7=C6C=CC=C7[C@H]1[C@H](C8=CC=CC9=C8C=CC=C9)N(C(C2=C(C(F)(F)F)OC=C2)=O)C(C(O)=O)N1C(C1=C(C(F)(F)F)OC=C1)=O,25,
91,C12=C(C=CN2C3=NC=CC4=C3C=CC=C4)C=CC=C1,C=CCC1=CC=CC=C1,C6=CC=CC7=C6C=CC=C7[C@H]%45[C@H](C8=CC=CC9=C8C=CC=C9)N(C(C%46=CC=C(C(C)(C)C)C=C%46)=O)C(C(O)=O)N%45C(C%47=CC=C(C(C)(C)C)C=C%47)=O,25,
92,C12=C(C=CN2C3=NC=CC4=C3C=CC=C4)C=CC=C1,C=CCC1=CC=CC=C1,C6=CC=CC7=C6C=CC=C7[C@H]1[C@H](C8=CC=CC9=C8C=CC=C9)N(C(C2=CC=CO2)=O)C(C(O)=O)N1C(C1=CC=CO1)=O,25,
93,C12=C(C=CN2C3=NC=CC4=C3C=CC=C4)C=CC=C1,C=CCC1=CC=CC=C1,C6=CC=CC7=C6C=CC=C7[C@H]1[C@H](C8=CC=CC9=C8C=CC=C9)N(C(C2=CC=C(F)C=C2)=O)C(C(O)=O)N1C(C3=CC=C(F)C=C3)=O,25,
94,C12=C(C=CN2C3=NC=CC4=C3C=CC=C4)C=CC=C1,C=CCC1=CC=CC=C1,C6=CC=CC7=C6C=CC=C7[C@H]1[C@H](C8=CC=CC9=C8C=CC=C9)N(C(C2=CC=C(Cl)O2)=O)C(C(O)=O)N1C(C1=CC=C(Cl)O1)=O,25,
95,C12=C(C=CN2C3=NC=CC4=C3C=CC=C4)C=CC=C1,C=CCC1=CC=CC=C1,C6=CC=CC7=C6C=CC=C7[C@H]%16[C@H](C8=CC=CC9=C8C=CC=C9)N(C(C%17=CSC=C%17OC)=O)C(C(O)=O)N%16C(C%18=CSC=C%18OC)=O,25,
96,C12=C(C=CN2C3=NC=CC4=C3C=CC=C4)C=CC=C1,C=CCC1=CC=CC=C1,C6=CC=CC7=C6C=CC=C7[C@H]1[C@H](C8=CC=CC9=C8C=CC=C9)N(C(C2=C(Cl)C=CC=C2)=O)C(C(O)=O)N1C(C1=CC=CC=C1Cl)=O,25,
97,C12=C(C=CN2C3=NC=CC4=C3C=CC=C4)C=CC=C1,C=CCC1=CC=CC=C1,C6=CC=CC7=C6C=CC=C7[C@H]1[C@H](C8=CC=CC9=C8C=CC=C9)N(C(C2=CC(C)=C(C)C=C2)=O)C(C(O)=O)N1C(C1=CC=C(C)C(C)=C1)=O,25,
98,C12=C(C=CN2C3=NC=CC4=C3C=CC=C4)C=CC=C1,C=CCC1=CC=CC=C1,C6=CC=CC7=C6C=CC=C7[C@H]%13[C@H](C8=CC=CC9=C8C=CC=C9)N(C(C%14=C(F)C=CS%14)=O)C(C(O)=O)N%13C(C%15=C(F)C=CS%15)=O,25,
99,C12=C(C=CN2C3=NC=CC4=C3C=CC=C4)C=CC=C1,C=CCC1=CC=CC=C1,C6=CC=CC7=C6C=CC=C7[C@H]1[C@H](C8=CC=CC9=C8C=CC=C9)N(C(C2=C(C)OC(C3=CC=CC=C3)=C2)=O)C(C(O)=O)N1C(C1=C(C)OC(C2=CC=CC=C2)=C1)=O,25,
100,C12=C(C=CN2C3=NC=CC4=C3C=CC=C4)C=CC=C1,C=CCC1=CC=CC=C1,C6=CC=CC7=C6C=CC=C7[C@H]1[C@H](C8=CC=CC9=C8C=CC=C9)N(C(C2=CC=C(Cl)S2)=O)C(C(O)=O)N1C(C1=CC=C(Cl)S1)=O,25,
101,C12=C(C=CN2C3=NC=CC4=C3C=CC=C4)C=CC=C1,C=CCC1=CC=CC=C1,C6=CC=CC7=C6C=CC=C7[C@H]%36[C@H](C8=CC=CC9=C8C=CC=C9)N(C(C%37=CC=C(C)C=C%37)=O)C(C(O)=O)N%36C(C%38=CC=C(C)C=C%38)=O,25,
102,C12=C(C=CN2C3=NC=CC4=C3C=CC=C4)C=CC=C1,C=CCC1=CC=CC=C1,C6=CC=CC7=C6C=CC=C7[C@H]4[C@H](C8=CC=CC9=C8C=CC=C9)N(C(C5=CC=CS5)=O)C(C(O)=O)N4C(C6=CC=CS6)=O,25,
103,C12=C(C=CN2C3=NC=CC4=C3C=CC=C4)C=CC=C1,C=CCC1=CC=CC=C1,C6=CC=CC7=C6C=CC=C7[C@H]1[C@H](C8=CC=CC9=C8C=CC=C9)N(C(C2=C(F)C=CC=C2)=O)C(C(O)=O)N1C(C1=CC=CC=C1F)=O,25,
104,C12=C(C=CN2C3=NC=CC4=C3C=CC=C4)C=CC=C1,C=CCC1=CC=CC=C1,C6=CC=CC7=C6C=CC=C7[C@H]1[C@H](C8=CC=CC9=C8C=CC=C9)N(C(C2=C([N+]([O-])=O)C=CC=C2)=O)C(C(O)=O)N1C(C1=CC=CC=C1[N+]([O-])=O)=O,25,
105,C12=C(C=CN2C3=NC=CC4=C3C=CC=C4)C=CC=C1,C=CCC1=CC=CC=C1,C6=CC=CC7=C6C=CC=C7[C@H]1[C@H](C8=CC=CC9=C8C=CC=C9)N(C(C2=COC=C2C)=O)C(C(O)=O)N1C(C1=COC=C1C)=O,25,
106,C12=C(C=CN2C3=NC=CC4=C3C=CC=C4)C=CC=C1,C=CCC1=CC=CC=C1,C6=CC=CC7=C6C=CC=C7[C@H]1[C@H](C8=CC=CC9=C8C=CC=C9)N(C(C2=C(OC)C=CC=C2)=O)C(C(O)=O)N1C(C1=CC=CC=C1OC)=O,25,
107,C12=C(C=CN2C3=NC=CC4=C3C=CC=C4)C=CC=C1,C=CCC1=CC=CC=C1,C6=CC=CC7=C6C=CC=C7[C@H]1[C@H](C8=CC=CC9=C8C=CC=C9)N(C(C2=C(C)C(C=CC=C3)=C3O2)=O)C(C(O)=O)N1C(C1=C(C)C2=C(C=CC=C2)O1)=O,25,
108,C12=C(C=CN2C3=NC=CC4=C3C=CC=C4)C=CC=C1,C=CCC1=CC=CC=C1,C6=CC=CC7=C6C=CC=C7[C@H]%68[C@H](C8=CC=CC9=C8C=CC=C9)N(C(C%69=CC=C(OC)C=C%69)=O)C(C(O)=O)N%68C(C%70=CC=C(OC)C=C%70)=O,25,
109,C12=C(C=CN2C3=NC=CC4=C3C=CC=C4)C=CC=C1,C=CCC1=CC=CC=C1,C6=CC=CC7=C6C=CC=C7[C@H]1[C@H](C8=CC=CC9=C8C=CC=C9)N(C(C2=COC(C)=C2)=O)C(C(O)=O)N1C(C1=COC(C)=C1)=O,25,
110,C12=C(C=CN2C3=NC=CC4=C3C=CC=C4)C=CC=C1,C=CCC1=CC=CC=C1,C6=CC=CC7=C6C=CC=C7[C@H]%56[C@H](C8=CC=CC9=C8C=CC=C9)N(C(C%57=CC=CC(Cl)=C%57)=O)C(C(O)=O)N%56C(C%58=CC(Cl)=CC=C%58)=O,25,
111,C12=C(C=CN2C3=NC=CC4=C3C=CC=C4)C=CC=C1,C=CCC1=CC=CC=C1,C6=CC=CC7=C6C=CC=C7[C@H]1[C@H](C8=CC=CC9=C8C=CC=C9)N(C(C2=C(C)C=CS2)=O)C(C(O)=O)N1C(C1=C(C)C=CS1)=O,25,
112,C12=C(C=CN2C3=NC=CC4=C3C=CC=C4)C=CC=C1,C=CCC1=CC=CC=C1,C6=CC=CC7=C6C=CC=C7[C@H]%89[C@H](C8=CC=CC9=C8C=CC=C9)N(C(C%90=CC=CC(C(C)(C)C)=C%90)=O)C(C(O)=O)N%89C(C%91=CC(C(C)(C)C)=CC=C%91)=O,25,
113,C12=C(C=CN2C3=NC=CC4=C3C=CC=C4)C=CC=C1,C=CCC1=CC=CC=C1,C6=CC=CC7=C6C=CC=C7[C@H]1[C@H](C8=CC=CC9=C8C=CC=C9)N(C(C2=C(C#N)C=CC=C2)=O)C(C(O)=O)N1C(C1=CC=CC=C1C#N)=O,25,
114,C12=C(C=CN2C3=NC=CC4=C3C=CC=C4)C=CC=C1,C=CCC1=CC=CC=C1,C6=CC=CC7=C6C=CC=C7[C@H]1[C@H](C8=CC=CC9=C8C=CC=C9)N(C(C2=C(C)OC(C)=C2)=O)C(C(O)=O)N1C(C1=C(C)OC(C)=C1)=O,25,
115,C12=C(C=CN2C3=NC=CC4=C3C=CC=C4)C=CC=C1,C=CCC1=CC=CC=C1,C6=CC=CC7=C6C=CC=C7[C@H]%59[C@H](C8=CC=CC9=C8C=CC=C9)N(C(C%60=CC=CC(Br)=C%60)=O)C(C(O)=O)N%59C(C%61=CC(Br)=CC=C%61)=O,25,
116,C12=C(C=CN2C3=NC=CC4=C3C=CC=C4)C=CC=C1,C=CCC1=CC=CC=C1,C6=CC=CC7=C6C=CC=C7[C@H]1[C@H](C8=CC=CC9=C8C=CC=C9)N(C(CCCCC)=O)C(C(O)=O)N1C(CCCCC)=O,25,
117,C12=C(C=CN2C3=NC=CC4=C3C=CC=C4)C=CC=C1,C=CCC1=CC=CC=C1,C6=CC=CC7=C6C=CC=C7[C@H]1[C@H](C8=CC=CC9=C8C=CC=C9)N(C(C2=C(I)C=CC=C2)=O)C(C(O)=O)N1C(C1=CC=CC=C1I)=O,25,
118,C12=C(C=CN2C3=NC=CC4=C3C=CC=C4)C=CC=C1,C=CCC1=CC=CC=C1,C6=CC=CC7=C6C=CC=C7[C@H]1[C@H](C8=CC=CC9=C8C=CC=C9)N(C(C2=C(Cl)SC(Cl)=C2)=O)C(C(O)=O)N1C(C1=C(Cl)SC(Cl)=C1)=O,25,
119,C12=C(C=CN2C3=NC=CC4=C3C=CC=C4)C=CC=C1,C=CCC1=CC=CC=C1,C6=CC=CC7=C6C=CC=C7[C@H]1[C@H](C8=CC=CC9=C8C=CC=C9)N(C(C2=CC(C)=CS2)=O)C(C(O)=O)N1C(C1=CC(C)=CS1)=O,25,
120,C12=C(C=CN2C3=NC=CC4=C3C=CC=C4)C=CC=C1,C=CCC1=CC=CC=C1,C6=CC=CC7=C6C=CC=C7[C@H]1[C@H](C8=CC=CC9=C8C=CC=C9)N(C(C2=C(C)C=CC=C2)=O)C(C(O)=O)N1C(C1=CC=CC=C1C)=O,25,
121,C12=C(C=CN2C3=NC=CC4=C3C=CC=C4)C=CC=C1,C=CCC1=CC=CC=C1,C6=CC=CC7=C6C=CC=C7[C@H]%74[C@H](C8=CC=CC9=C8C=CC=C9)N(C(C%75=CC=C(C#N)C=C%75)=O)C(C(O)=O)N%74C(C%76=CC=C(C#N)C=C%76)=O,25,
122,C12=C(C=CN2C3=NC=CC4=C3C=CC=C4)C=CC=C1,C=CCC1=CC=CC=C1,C6=CC=CC7=C6C=CC=C7[C@H]1[C@H](C8=CC=CC9=C8C=CC=C9)N(C(C2=C(Br)C=CC=C2)=O)C(C(O)=O)N1C(C1=CC=CC=C1Br)=O,25,
123,C12=C(C=CN2C3=NC=CC4=C3C=CC=C4)C=CC=C1,C=CCC1=CC=CC=C1,C6=CC=CC7=C6C=CC=C7[C@H]%71[C@H](C8=CC=CC9=C8C=CC=C9)N(C(C%72=CC=CC(C#N)=C%72)=O)C(C(O)=O)N%71C(C%73=CC(C#N)=CC=C%73)=O,25,
124,C12=C(C=CN2C3=NC=CC4=C3C=CC=C4)C=CC=C1,C=CCC1=CC=CC=C1,C6=CC=CC7=C6C=CC=C7[C@H]1[C@H](C8=CC=CC9=C8C=CC=C9)N(C(C2=CSC=C2Br)=O)C(C(O)=O)N1C(C1=CSC=C1Br)=O,25,
125,C12=C(C=CN2C3=NC=CC4=C3C=CC=C4)C=CC=C1,C=CCC1=CC=CC=C1,C6=CC=CC7=C6C=CC=C7[C@H]1[C@H](C8=CC=CC9=C8C=CC=C9)N(C(C2=CC(C)=CC(C)=C2)=O)C(C(O)=O)N1C(C1=CC(C)=CC(C)=C1)=O,25,
126,C12=C(C=CN2C3=NC=CC4=C3C=CC=C4)C=CC=C1,C=CCC1=CC=CC=C1,C6=CC=CC7=C6C=CC=C7[C@H]1[C@H](C8=CC=CC9=C8C=CC=C9)N(C(C2=C(C3=CC=CC=C3)C=CC=C2)=O)C(C(O)=O)N1C(C1=CC=CC=C1C1=CC=CC=C1)=O,25,
127,C12=C(C=CN2C3=NC=CC4=C3C=CC=C4)C=CC=C1,C=CCC1=CC=CC=C1,C6=CC=CC7=C6C=CC=C7[C@H]1[C@H](C8=CC=CC9=C8C=CC=C9)N(C(C2=COC3=C2C=CC=C3)=O)C(C(O)=O)N1C(C1=COC2=C1C=CC=C2)=O,25,
128,C12=C(C=CN2C3=NC=CC4=C3C=CC=C4)C=CC=C1,C=CCC1=CC=CC=C1,C6=CC=CC7=C6C=CC=C7[C@H]%53[C@H](C8=CC=CC9=C8C=CC=C9)N(C(C%54=CC=CC(F)=C%54)=O)C(C(O)=O)N%53C(C%55=CC(F)=CC=C%55)=O,25,
129,C12=C(C=CN2C3=NC=CC4=C3C=CC=C4)C=CC=C1,C=CCC1=CC=CC=C1,C6=CC=CC7=C6C=CC=C7[C@H]1[C@H](C8=CC=CC9=C8C=CC=C9)N(C(C2=CC(C(F)(F)F)=CC(C(F)(F)F)=C2)=O)C(C(O)=O)N1C(C1=CC(C(F)(F)F)=CC(C(F)(F)F)=C1)=O,25,
130,C12=C(C=CN2C3=NC=CC4=C3C=CC=C4)C=CC=C1,C=CCC1=CC=CC=C1,C6=CC=CC7=C6C=CC=C7[C@H]%42[C@H](C8=CC=CC9=C8C=CC=C9)N(C(C%43=CC=C(C(C)C)C=C%43)=O)C(C(O)=O)N%42C(C%44=CC=C(C(C)C)C=C%44)=O,25,
131,C12=C(C=CN2C3=NC=CC4=C3C=CC=C4)C=CC=C1,C=CCC1=CC=CC=C1,C6=CC=CC7=C6C=CC=C7[C@H]1[C@H](C8=CC=CC9=C8C=CC=C9)N(C(C2=C(C3=CC=CC=C3)OC(C)=C2)=O)C(C(O)=O)N1C(C1=C(C2=CC=CC=C2)OC(C)=C1)=O,25,
132,C12=C(C=CN2C3=NC=CC4=C3C=CC=C4)C=CC=C1,C=CCC1=CC=CC=C1,C6=CC=CC7=C6C=CC=C7[C@H]1[C@H](C8=CC=CC9=C8C=CC=C9)N(C(C2=C(C=CC=C3)C3=CC=C2)=O)C(C(O)=O)N1C(C1=CC=CC2=C1C=CC=C2)=O,25,
133,C12=C(C=CN2C3=NC=CC4=C3C=CC=C4)C=CC=C1,C=CCC1=CC=CC=C1,C6=CC=CC7=C6C=CC=C7[C@H]1[C@H](C8=CC=CC9=C8C=CC=C9)N(C(C2=CC(C)=C(C)O2)=O)C(C(O)=O)N1C(C1=CC(C)=C(C)O1)=O,25,
134,C12=C(C=CN2C3=NC=CC4=C3C=CC=C4)C=CC=C1,C=CCC1=CC=CC=C1,C6=CC=CC7=C6C=CC=C7[C@H]%77[C@H](C8=CC=CC9=C8C=CC=C9)N(C(C%78=CC=CC([N+]([O-])=O)=C%78)=O)C(C(O)=O)N%77C(C%79=CC([N+]([O-])=O)=CC=C%79)=O,25,
135,C12=C(C=CN2C3=NC=CC4=C3C=CC=C4)C=CC=C1,C=CCC1=CC=CC=C1,C6=CC=CC7=C6C=CC=C7[C@H]%62[C@H](C8=CC=CC9=C8C=CC=C9)N(C(C%63=CC=CC(I)=C%63)=O)C(C(O)=O)N%62C(C%64=CC(I)=CC=C%64)=O,25,
136,C12=C(C=CN2C3=NC=CC4=C3C=CC=C4)C=CC=C1,C=CCC1=CC=CC=C1,C6=CC=CC7=C6C=CC=C7[C@H]1[C@H](C8=CC=CC9=C8C=CC=C9)N(C(C2=COC=C2)=O)C(C(O)=O)N1C(C1=COC=C1)=O,25,
137,C12=C(C=CN2C3=NC=CC4=C3C=CC=C4)C=CC=C1,C=CCC1=CC=CC=C1,C6=CC=CC7=C6C=CC=C7[C@H]1[C@H](C8=CC=CC9=C8C=CC=C9)N(C(C2=CC(CCCC3)=C3S2)=O)C(C(O)=O)N1C(C1=CC2=C(CCCC2)S1)=O,25,
138,C12=C(C=CN2C3=NC=CC4=C3C=CC=C4)C=CC=C1,C=CCC1=CC=CC=C1,C6=CC=CC7=C6C=CC=C7[C@H]1[C@H](C8=CC=CC9=C8C=CC=C9)N(C(C2=CC(C=CC=C3)=C3O2)=O)C(C(O)=O)N1C(C1=CC2=C(C=CC=C2)O1)=O,25,
139,C12=C(C=CN2C3=NC=CC4=C3C=CC=C4)C=CC=C1,C=CCC1=CC=CC=C1,C6=CC=CC7=C6C=CC=C7[C@H]1[C@H](C8=CC=CC9=C8C=CC=C9)N(C(C2=C(C(C)C)C=CC=C2)=O)C(C(O)=O)N1C(C1=CC=CC=C1C(C)C)=O,25,
140,C12=C(C=CN2C3=NC=CC4=C3C=CC=C4)C=CC=C1,C=CCC1=CC=CC=C1,C6=CC=CC7=C6C=CC=C7[C@H]1[C@H](C8=CC=CC9=C8C=CC=C9)N(C(C2=CC=C(C)O2)=O)C(C(O)=O)N1C(C1=CC=C(C)O1)=O,25,
141,C12=C(C=CN2C3=NC=CC4=C3C=CC=C4)C=CC=C1,C=CCC1=CC=CC=C1,C6=CC=CC7=C6C=CC=C7[C@H]1[C@H](C8=CC=CC9=C8C=CC=C9)N(C(C2=CC=C(Br)S2)=O)C(C(O)=O)N1C(C1=CC=C(Br)S1)=O,25,
142,C12=C(C=CN2C3=NC=CC4=C3C=CC=C4)C=CC=C1,C=CCC1=CC=CC=C1,C6=CC=CC7=C6C=CC=C7[C@H]1[C@H](C8=CC=CC9=C8C=CC=C9)N(C(C2=CC=C(C)S2)=O)C(C(O)=O)N1C(C1=CC=C(C)S1)=O,25,
143,C12=C(C=CN2C3=NC=CC4=C3C=CC=C4)C=CC=C1,C=CCC1=CC=CC=C1,C6=CC=CC7=C6C=CC=C7[C@H]1[C@H](C8=CC=CC9=C8C=CC=C9)N(C(C2=CC=C(C=CC=C3)C3=C2)=O)C(C(O)=O)N1C(C1=CC(C=CC=C2)=C2C=C1)=O,25,
144,C12=C(C=CN2C3=NC=CC4=C3C=CC=C4)C=CC=C1,C=CCC1=CC=CC=C1,C6=CC=CC7=C6C=CC=C7[C@H]%83[C@H](C8=CC=CC9=C8C=CC=C9)N(C(C%84=CC=CC(CC)=C%84)=O)C(C(O)=O)N%83C(C%85=CC(CC)=CC=C%85)=O,25,
145,C12=C(C=CN2C3=NC=CC4=C3C=CC=C4)C=CC=C1,C=CCC1=CC=CC=C1,C6=CC=CC7=C6C=CC=C7[C@H]1[C@H](C8=CC=CC9=C8C=CC=C9)N(C(C2=C(Br)C=CS2)=O)C(C(O)=O)N1C(C1=C(Br)C=CS1)=O,25,
146,C12=C(C=CN2C3=NC=CC4=C3C=CC=C4)C=CC=C1,C=CCC1=CC=CC=C1,C6=CC=CC7=C6C=CC=C7[C@H]%24[C@H](C8=CC=CC9=C8C=CC=C9)N(C(C%25=CC=C(Br)C=C%25)=O)C(C(O)=O)N%24C(C%26=CC=C(Br)C=C%26)=O,25,
147,C12=C(C=CN2C3=NC=CC4=C3C=CC=C4)C=CC=C1,C=CCC1=CC=CC=C1,C6=CC=CC7=C6C=CC=C7[C@H]%65[C@H](C8=CC=CC9=C8C=CC=C9)N(C(C%66=CC=CC(C(F)(F)F)=C%66)=O)C(C(O)=O)N%65C(C%67=CC(C(F)(F)F)=CC=C%67)=O,25,
148,C12=C(C=CN2C3=NC=CC4=C3C=CC=C4)C=CC=C1,C=CCC1=CC=CC=C1,C6=CC=CC7=C6C=CC=C7[C@H]1[C@H](C8=CC=CC9=C8C=CC=C9)N(C(C2=CC=C(C#N)O2)=O)C(C(O)=O)N1C(C1=CC=C(C#N)O1)=O,25,
149,C12=C(C=CN2C3=NC=CC4=C3C=CC=C4)C=CC=C1,C=CCC1=CC=CC=C1,C6=CC=CC7=C6C=CC=C7[C@H]1[C@H](C8=CC=CC9=C8C=CC=C9)N(C(CC2=CC=CC=C2)=O)C(C(O)=O)N1C(CC1=CC=CC=C1)=O,25,
150,C12=C(C=CN2C3=NC=CC4=C3C=CC=C4)C=CC=C1,C=CCC1=CC=CC=C1,C6=CC=CC7=C6C=CC=C7[C@H]1[C@H](C8=CC=CC9=C8C=CC=C9)N(C(C2=CSC(C)=C2)=O)C(C(O)=O)N1C(C1=CSC(C)=C1)=O,25,
151,C12=C(C=CN2C3=NC=CC4=C3C=CC=C4)C=CC=C1,C=CCC1=CC=CC=C1,C6=CC=CC7=C6C=CC=C7[C@H]1[C@H](C8=CC=CC9=C8C=CC=C9)N(C(C2=CC=C(C3=CC=CC=C3)O2)=O)C(C(O)=O)N1C(C1=CC=C(C2=CC=CC=C2)O1)=O,25,
152,C12=C(C=CN2C3=NC=CC4=C3C=CC=C4)C=CC=C1,C=CCC1=CC=CC=C1,C6=CC=CC7=C6C=CC=C7[C@H]%21[C@H](C8=CC=CC9=C8C=CC=C9)N(C(C%22=CC=C(Cl)C=C%22)=O)C(C(O)=O)N%21C(C%23=CC=C(Cl)C=C%23)=O,25,
153,C12=C(C=CN2C3=NC=CC4=C3C=CC=C4)C=CC=C1,C=CCC1=CC=CC=C1,C6=CC=CC7=C6C=CC=C7[C@H]%86[C@H](C8=CC=CC9=C8C=CC=C9)N(C(C%87=CC=CC(C(C)C)=C%87)=O)C(C(O)=O)N%86C(C%88=CC(C(C)C)=CC=C%88)=O,25,
154,C12=C(C=CN2C3=NC=CC4=C3C=CC=C4)C=CC=C1,C=CCC1=CC=CC=C1,C6=CC=CC7=C6C=CC=C7[C@H]%97[C@H](C8=CC=CC9=C8C=CC=C9)N(C(C%98=CC=CC(OC)=C%98)=O)C(C(O)=O)N%97C(C%99=CC(OC)=CC=C%99)=O,25,
155,C12=C(C=CN2C3=NC=CC4=C3C=CC=C4)C=CC=C1,C=CCC1=CC=CC=C1,C6=CC=CC7=C6C=CC=C7[C@H]1[C@H](C8=CC=CC9=C8C=CC=C9)N(C(C2=C(C(C)(C)C)C=CC=C2)=O)C(C(O)=O)N1C(C1=CC=CC=C1C(C)(C)C)=O,25,
156,C12=C(C=CN2C3=NC=CC4=C3C=CC=C4)C=CC=C1,C=CCC1=CC=CC=C1,C6=CC=CC7=C6C=CC=C7[C@H]1[C@H](C8=CC=CC9=C8C=CC=C9)N(C(C2=C(C)C=CO2)=O)C(C(O)=O)N1C(C1=C(C)C=CO1)=O,25,
157,C12=C(C=CN2C3=NC=CC4=C3C=CC=C4)C=CC=C1,C=CCC1=CC=CC=C1,C6=CC=CC7=C6C=CC=C7[C@H]%27[C@H](C8=CC=CC9=C8C=CC=C9)N(C(C%28=CC=C(I)C=C%28)=O)C(C(O)=O)N%27C(C%29=CC=C(I)C=C%29)=O,25,
158,C12=C(C=CN2C3=NC=CC4=C3C=CC=C4)C=CC=C1,C=CCC1=CC=CC=C1,C6=CC=CC7=C6C=CC=C7[C@H]7[C@H](C8=CC=CC9=C8C=CC=C9)N(C(C8=CC=CC=C8)=O)C(C(O)=O)N7C(C9=CC=CC=C9)=O,25,
159,C12=C(C=CN2C3=NC=CC4=C3C=CC=C4)C=CC=C1,C=CCC1=CC=CC=C1,C6=CC=CC7=C6C=CC=C7[C@H]1[C@H](C8=CC=CC9=C8C=CC=C9)N(C(C2=CSC3=C2C=CC=C3)=O)C(C(O)=O)N1C(C1=CSC2=C1C=CC=C2)=O,25,
160,C12=C(C=CN2C3=NC=CC4=C3C=CC=C4)C=CC=C1,C=CCC1=CC=CC=C1,C6=CC=CC7=C6C=CC=C7[C@H]%48[C@H](C8=CC=CC9=C8C=CC=C9)N(C(C%49=CC=C(C%50=CC=CC=C%50)C=C%49)=O)C(C(O)=O)N%48C(C%51=CC=C(C%52=CC=CC=C%52)C=C%51)=O,25,
161,C12=C(C=CN2C3=NC=CC4=C3C=CC=C4)C=CC=C1,C=CCC1=CC=CC=C1,C6=CC=CC7=C6C=CC=C7[C@H]1[C@H](C8=CC=CC9=C8C=CC=C9)N(C(C2=C(C(F)(F)F)C=CC=C2)=O)C(C(O)=O)N1C(C1=CC=CC=C1C(F)(F)F)=O,25,
162,C12=C(C=CN2C3=NC=CC4=C3C=CC=C4)C=CC=C1,C=CCC1=CC=CC=C1,C6=CC=CC7=C6C=CC=C7[C@H]1[C@H](C8=CC=CC9=C8C=CC=C9)N(C(C2=CC=C([N+]([O-])=O)O2)=O)C(C(O)=O)N1C(C1=CC=C([N+]([O-])=O)O1)=O,25,
163,C12=C(C=CN2C3=NC=CC4=C3C=CC=C4)C=CC=C1,C=CCC1=CC=CC=C1,C6=CC=CC7=C6C=CC=C7[C@H]1[C@H](C8=CC=CC9=C8C=CC=C9)N(C(C2=COC(Br)=C2)=O)C(C(O)=O)N1C(C1=COC(Br)=C1)=O,25,
164,C12=C(C=CN2C3=NC=CC4=C3C=CC=C4)C=CC=C1,C=CCC1=CC=CC=C1,C6=CC=CC7=C6C=CC=C7[C@H]1[C@H](C8=CC=CC9=C8C=CC=C9)N(C(C2=C(Br)SC=C2)=O)C(C(O)=O)N1C(C1=C(Br)SC=C1)=O,25,
165,C12=C(C=CN2C3=NC=CC4=C3C=CC=C4)C=CC=C1,C=CCC1=CC=CC=C1,C6=CC=CC7=C6C=CC=C7[C@H]1[C@H](C8=CC=CC9=C8C=CC=C9)N(C(C2=CC(C(C)(C)C)=CC(C(C)(C)C)=C2)=O)C(C(O)=O)N1C(C1=CC(C(C)(C)C)=CC(C(C)(C)C)=C1)=O,25,
166,C12=C(C=CN2C3=NC=CC4=C3C=CC=C4)C=CC=C1,C=CCC1=CC=CC=C1,C6=CC=CC7=C6C=CC=C7[C@H]1[C@H](C8=CC=CC9=C8C=CC=C9)N(C(C2=C(C)OC=C2)=O)C(C(O)=O)N1C(C1=C(C)OC=C1)=O,25,
167,C12=C(C=CN2C3=NC=CC4=C3C=CC=C4)C=CC=C1,C=CCC1=CC=CC=C1,C6=CC=CC7=C6C=CC=C7[C@H]1[C@H](C8=CC=CC9=C8C=CC=C9)N(C(C2=C(C(F)(F)F)OC(C)=C2)=O)C(C(O)=O)N1C(C1=C(C(F)(F)F)OC(C)=C1)=O,25,
168,C12=C(C=CN2C3=NC=CC4=C3C=CC=C4)C=CC=C1,C=CCC1=CC=CC=C1,C6=CC=CC7=C6C=CC=C7[C@H]%30[C@H](C8=CC=CC9=C8C=CC=C9)N(C(C%31=CC=C(C(F)(F)F)C=C%31)=O)C(C(O)=O)N%30C(C%32=CC=C(C(F)(F)F)C=C%32)=O,25,
169,C12=C(C=CN2C3=NC=CC4=C3C=CC=C4)C=CC=C1,C=CCC1=CC=CC=C1,C6=CC=CC7=C6C=CC=C7[C@H]%92[C@H](C8=CC=CC9=C8C=CC=C9)N(C(C%93=CC=CC(C%94=CC=CC=C%94)=C%93)=O)C(C(O)=O)N%92C(C%95=CC(C%96=CC=CC=C%96)=CC=C%95)=O,25,
170,C12=C(C=CN2C3=NC=CC4=C3C=CC=C4)C=CC=C1,C=CCC1=CC=CC=C1,C6=CC=CC7=C6C=CC=C7[C@H]%10[C@H](C8=CC=CC9=C8C=CC=C9)N(C(C%11=CSC=C%11)=O)C(C(O)=O)N%10C(C%12=CSC=C%12)=O,25,
171,C12=C(C=CN2C3=NC=CC4=C3C=CC=C4)C=CC=C1,C=CCC1=CC=CC=C1,C6=CC=CC7=C6C=CC=C7[C@H]1[C@H](C8=CC=CC9=C8C=CC=C9)N(C(C2=C(CC)C=CC=C2)=O)C(C(O)=O)N1C(C1=CC=CC=C1CC)=O,25,
172,C12=C(C=CN2C3=NC=CC4=C3C=CC=C4)C=CC=C1,C=CCC1=CC=CC=C1,C6=CC=CC7=C6C=CC=C7[C@H]%33[C@H](C8=CC=CC9=C8C=CC=C9)N(C(C%34=CC=C([N+]([O-])=O)C=C%34)=O)C(C(O)=O)N%33C(C%35=CC=C([N+]([O-])=O)C=C%35)=O,25,
173,C12=C(C=CN2C3=NC=CC4=C3C=CC=C4)C=CC=C1,C=CCC1=CC=CC=C1,C6=CC=CC7=C6C=CC=C7[C@H]%39[C@H](C8=CC=CC9=C8C=CC=C9)N(C(C%40=CC=C(CC)C=C%40)=O)C(C(O)=O)N%39C(C%41=CC=C(CC)C=C%41)=O,25,
174,C12=C(C=CN2C3=NC=CC4=C3C=CC=C4)C=CC=C1,C=CCC1=CC=CC=C1,C6=CC=CC7=C6C=CC=C7[C@H]%80[C@H](C8=CC=CC9=C8C=CC=C9)N(C(C%81=CC=CC(C)=C%81)=O)C(C(O)=O)N%80C(C%82=CC(C)=CC=C%82)=O,25,
175,C12=C(C=CN2C3=NC=CC4=C3C=CC=C4)C=CC=C1,C=CCC1=CC=CC=C1,C6=CC=CC7=C6C=CC=C7[C@H]1[C@H](C8=CC=CC9=C8C=CC=C9)N(C(C2=C(Br)C=CO2)=O)C(C(O)=O)N1C(C1=C(Br)C=CO1)=O,25,
176,C12=C(C=CN2C3=NC=CC4=C3C=CC=C4)C=CC=C1,C=CCC1=CC=CC=C1,C6=CC=CC7=C6C=CC=C7[C@H]1[C@H](C8=CC=CC9=C8C=CC=C9)N(C(C2=CC(Br)=CS2)=O)C(C(O)=O)N1C(C1=CC(Br)=CS1)=O,25,
177,C12=C(C=CN2C3=NC=CC4=C3C=CC=C4)C=CC=C1,C=CCC1=CC=CC=C1,C6=CC=CC7=C6C=CC=C7[C@H]1[C@H](C8=CC=CC9=C8C=CC=C9)N(C(C2=CC(C=CC=C3)=C3S2)=O)C(C(O)=O)N1C(C1=CC2=C(C=CC=C2)S1)=O,25,
178,C12=C(C=CN2C3=NC=CC4=C3C=CC=C4)C=CC=C1,C=CCC1=CC=CC=C1,C6=CC=CC7=C6C=CC=C7[C@H]1[C@H](C8=CC=CC9=C8C=CC=C9)N(C(C2=C(Br)OC=C2)=O)C(C(O)=O)N1C(C1=C(Br)OC=C1)=O,25,
179,C12=C(C=CN2C3=NC=CC4=C3C=CC=C4)C=CC=C1,C=CCC1=CC=CC=C1,C6=CC=CC7=C6C=CC=C7[C@H]1[C@H](C8=CC=CC9=C8C=CC=C9)N(C(C2=C(C)OC=C2C)=O)C(C(O)=O)N1C(C1=C(C)OC=C1C)=O,25,
180,C12=C(C=CN2C3=NC=CC4=C3C=CC=C4)C=CC=C1,C=CCC1=CC=CC=C1,C6=CC(C=CC=C7)=C7C=C6[C@H]1[C@H](C8=CC(C=CC=C9)=C9C=C8)N(C(C2=C(C(F)(F)F)OC=C2)=O)C(C(O)=O)N1C(C1=C(C(F)(F)F)OC=C1)=O,25,
181,C12=C(C=CN2C3=NC=CC4=C3C=CC=C4)C=CC=C1,C=CCC1=CC=CC=C1,C6=CC(C=CC=C7)=C7C=C6[C@H]%45[C@H](C8=CC(C=CC=C9)=C9C=C8)N(C(C%46=CC=C(C(C)(C)C)C=C%46)=O)C(C(O)=O)N%45C(C%47=CC=C(C(C)(C)C)C=C%47)=O,25,
182,C12=C(C=CN2C3=NC=CC4=C3C=CC=C4)C=CC=C1,C=CCC1=CC=CC=C1,C6=CC(C=CC=C7)=C7C=C6[C@H]1[C@H](C8=CC(C=CC=C9)=C9C=C8)N(C(C2=CC=CO2)=O)C(C(O)=O)N1C(C1=CC=CO1)=O,25,
183,C12=C(C=CN2C3=NC=CC4=C3C=CC=C4)C=CC=C1,C=CCC1=CC=CC=C1,C6=CC(C=CC=C7)=C7C=C6[C@H]1[C@H](C8=CC(C=CC=C9)=C9C=C8)N(C(C2=CC=C(F)C=C2)=O)C(C(O)=O)N1C(C3=CC=C(F)C=C3)=O,25,
184,C12=C(C=CN2C3=NC=CC4=C3C=CC=C4)C=CC=C1,C=CCC1=CC=CC=C1,C6=CC(C=CC=C7)=C7C=C6[C@H]1[C@H](C8=CC(C=CC=C9)=C9C=C8)N(C(C2=CC=C(Cl)O2)=O)C(C(O)=O)N1C(C1=CC=C(Cl)O1)=O,25,
185,C12=C(C=CN2C3=NC=CC4=C3C=CC=C4)C=CC=C1,C=CCC1=CC=CC=C1,C6=CC(C=CC=C7)=C7C=C6[C@H]%16[C@H](C8=CC(C=CC=C9)=C9C=C8)N(C(C%17=CSC=C%17OC)=O)C(C(O)=O)N%16C(C%18=CSC=C%18OC)=O,25,
186,C12=C(C=CN2C3=NC=CC4=C3C=CC=C4)C=CC=C1,C=CCC1=CC=CC=C1,C6=CC(C=CC=C7)=C7C=C6[C@H]1[C@H](C8=CC(C=CC=C9)=C9C=C8)N(C(C2=C(Cl)C=CC=C2)=O)C(C(O)=O)N1C(C1=CC=CC=C1Cl)=O,25,
187,C12=C(C=CN2C3=NC=CC4=C3C=CC=C4)C=CC=C1,C=CCC1=CC=CC=C1,C6=CC(C=CC=C7)=C7C=C6[C@H]1[C@H](C8=CC(C=CC=C9)=C9C=C8)N(C(C2=CC(C)=C(C)C=C2)=O)C(C(O)=O)N1C(C1=CC=C(C)C(C)=C1)=O,25,
188,C12=C(C=CN2C3=NC=CC4=C3C=CC=C4)C=CC=C1,C=CCC1=CC=CC=C1,C6=CC(C=CC=C7)=C7C=C6[C@H]%13[C@H](C8=CC(C=CC=C9)=C9C=C8)N(C(C%14=C(F)C=CS%14)=O)C(C(O)=O)N%13C(C%15=C(F)C=CS%15)=O,25,
189,C12=C(C=CN2C3=NC=CC4=C3C=CC=C4)C=CC=C1,C=CCC1=CC=CC=C1,C6=CC(C=CC=C7)=C7C=C6[C@H]1[C@H](C8=CC(C=CC=C9)=C9C=C8)N(C(C2=C(C)OC(C3=CC=CC=C3)=C2)=O)C(C(O)=O)N1C(C1=C(C)OC(C2=CC=CC=C2)=C1)=O,25,
190,C12=C(C=CN2C3=NC=CC4=C3C=CC=C4)C=CC=C1,C=CCC1=CC=CC=C1,C6=CC(C=CC=C7)=C7C=C6[C@H]1[C@H](C8=CC(C=CC=C9)=C9C=C8)N(C(C2=CC=C(Cl)S2)=O)C(C(O)=O)N1C(C1=CC=C(Cl)S1)=O,25,
191,C12=C(C=CN2C3=NC=CC4=C3C=CC=C4)C=CC=C1,C=CCC1=CC=CC=C1,C6=CC(C=CC=C7)=C7C=C6[C@H]%36[C@H](C8=CC(C=CC=C9)=C9C=C8)N(C(C%37=CC=C(C)C=C%37)=O)C(C(O)=O)N%36C(C%38=CC=C(C)C=C%38)=O,25,
192,C12=C(C=CN2C3=NC=CC4=C3C=CC=C4)C=CC=C1,C=CCC1=CC=CC=C1,C6=CC(C=CC=C7)=C7C=C6[C@H]4[C@H](C8=CC(C=CC=C9)=C9C=C8)N(C(C5=CC=CS5)=O)C(C(O)=O)N4C(C6=CC=CS6)=O,25,
193,C12=C(C=CN2C3=NC=CC4=C3C=CC=C4)C=CC=C1,C=CCC1=CC=CC=C1,C6=CC(C=CC=C7)=C7C=C6[C@H]1[C@H](C8=CC(C=CC=C9)=C9C=C8)N(C(C2=C(F)C=CC=C2)=O)C(C(O)=O)N1C(C1=CC=CC=C1F)=O,25,
194,C12=C(C=CN2C3=NC=CC4=C3C=CC=C4)C=CC=C1,C=CCC1=CC=CC=C1,C6=CC(C=CC=C7)=C7C=C6[C@H]1[C@H](C8=CC(C=CC=C9)=C9C=C8)N(C(C2=C([N+]([O-])=O)C=CC=C2)=O)C(C(O)=O)N1C(C1=CC=CC=C1[N+]([O-])=O)=O,25,
195,C12=C(C=CN2C3=NC=CC4=C3C=CC=C4)C=CC=C1,C=CCC1=CC=CC=C1,C6=CC(C=CC=C7)=C7C=C6[C@H]1[C@H](C8=CC(C=CC=C9)=C9C=C8)N(C(C2=COC=C2C)=O)C(C(O)=O)N1C(C1=COC=C1C)=O,25,
196,C12=C(C=CN2C3=NC=CC4=C3C=CC=C4)C=CC=C1,C=CCC1=CC=CC=C1,C6=CC(C=CC=C7)=C7C=C6[C@H]1[C@H](C8=CC(C=CC=C9)=C9C=C8)N(C(C2=C(OC)C=CC=C2)=O)C(C(O)=O)N1C(C1=CC=CC=C1OC)=O,25,
197,C12=C(C=CN2C3=NC=CC4=C3C=CC=C4)C=CC=C1,C=CCC1=CC=CC=C1,C6=CC(C=CC=C7)=C7C=C6[C@H]1[C@H](C8=CC(C=CC=C9)=C9C=C8)N(C(C2=C(C)C(C=CC=C3)=C3O2)=O)C(C(O)=O)N1C(C1=C(C)C2=C(C=CC=C2)O1)=O,25,
198,C12=C(C=CN2C3=NC=CC4=C3C=CC=C4)C=CC=C1,C=CCC1=CC=CC=C1,C6=CC(C=CC=C7)=C7C=C6[C@H]%68[C@H](C8=CC(C=CC=C9)=C9C=C8)N(C(C%69=CC=C(OC)C=C%69)=O)C(C(O)=O)N%68C(C%70=CC=C(OC)C=C%70)=O,25,
199,C12=C(C=CN2C3=NC=CC4=C3C=CC=C4)C=CC=C1,C=CCC1=CC=CC=C1,C6=CC(C=CC=C7)=C7C=C6[C@H]1[C@H](C8=CC(C=CC=C9)=C9C=C8)N(C(C2=COC(C)=C2)=O)C(C(O)=O)N1C(C1=COC(C)=C1)=O,25,
200,C12=C(C=CN2C3=NC=CC4=C3C=CC=C4)C=CC=C1,C=CCC1=CC=CC=C1,C6=CC(C=CC=C7)=C7C=C6[C@H]%56[C@H](C8=CC(C=CC=C9)=C9C=C8)N(C(C%57=CC=CC(Cl)=C%57)=O)C(C(O)=O)N%56C(C%58=CC(Cl)=CC=C%58)=O,25,
201,C12=C(C=CN2C3=NC=CC4=C3C=CC=C4)C=CC=C1,C=CCC1=CC=CC=C1,C6=CC(C=CC=C7)=C7C=C6[C@H]1[C@H](C8=CC(C=CC=C9)=C9C=C8)N(C(C2=C(C)C=CS2)=O)C(C(O)=O)N1C(C1=C(C)C=CS1)=O,25,
202,C12=C(C=CN2C3=NC=CC4=C3C=CC=C4)C=CC=C1,C=CCC1=CC=CC=C1,C6=CC(C=CC=C7)=C7C=C6[C@H]%89[C@H](C8=CC(C=CC=C9)=C9C=C8)N(C(C%90=CC=CC(C(C)(C)C)=C%90)=O)C(C(O)=O)N%89C(C%91=CC(C(C)(C)C)=CC=C%91)=O,25,
203,C12=C(C=CN2C3=NC=CC4=C3C=CC=C4)C=CC=C1,C=CCC1=CC=CC=C1,C6=CC(C=CC=C7)=C7C=C6[C@H]1[C@H](C8=CC(C=CC=C9)=C9C=C8)N(C(C2=C(C#N)C=CC=C2)=O)C(C(O)=O)N1C(C1=CC=CC=C1C#N)=O,25,
204,C12=C(C=CN2C3=NC=CC4=C3C=CC=C4)C=CC=C1,C=CCC1=CC=CC=C1,C6=CC(C=CC=C7)=C7C=C6[C@H]1[C@H](C8=CC(C=CC=C9)=C9C=C8)N(C(C2=C(C)OC(C)=C2)=O)C(C(O)=O)N1C(C1=C(C)OC(C)=C1)=O,25,
205,C12=C(C=CN2C3=NC=CC4=C3C=CC=C4)C=CC=C1,C=CCC1=CC=CC=C1,C6=CC(C=CC=C7)=C7C=C6[C@H]%59[C@H](C8=CC(C=CC=C9)=C9C=C8)N(C(C%60=CC=CC(Br)=C%60)=O)C(C(O)=O)N%59C(C%61=CC(Br)=CC=C%61)=O,25,
206,C12=C(C=CN2C3=NC=CC4=C3C=CC=C4)C=CC=C1,C=CCC1=CC=CC=C1,C6=CC(C=CC=C7)=C7C=C6[C@H]1[C@H](C8=CC(C=CC=C9)=C9C=C8)N(C(CCCCC)=O)C(C(O)=O)N1C(CCCCC)=O,25,
207,C12=C(C=CN2C3=NC=CC4=C3C=CC=C4)C=CC=C1,C=CCC1=CC=CC=C1,C6=CC(C=CC=C7)=C7C=C6[C@H]1[C@H](C8=CC(C=CC=C9)=C9C=C8)N(C(C2=C(I)C=CC=C2)=O)C(C(O)=O)N1C(C1=CC=CC=C1I)=O,25,
208,C12=C(C=CN2C3=NC=CC4=C3C=CC=C4)C=CC=C1,C=CCC1=CC=CC=C1,C6=CC(C=CC=C7)=C7C=C6[C@H]1[C@H](C8=CC(C=CC=C9)=C9C=C8)N(C(C2=C(Cl)SC(Cl)=C2)=O)C(C(O)=O)N1C(C1=C(Cl)SC(Cl)=C1)=O,25,
209,C12=C(C=CN2C3=NC=CC4=C3C=CC=C4)C=CC=C1,C=CCC1=CC=CC=C1,C6=CC(C=CC=C7)=C7C=C6[C@H]1[C@H](C8=CC(C=CC=C9)=C9C=C8)N(C(C2=CC(C)=CS2)=O)C(C(O)=O)N1C(C1=CC(C)=CS1)=O,25,
210,C12=C(C=CN2C3=NC=CC4=C3C=CC=C4)C=CC=C1,C=CCC1=CC=CC=C1,C6=CC(C=CC=C7)=C7C=C6[C@H]1[C@H](C8=CC(C=CC=C9)=C9C=C8)N(C(C2=C(C)C=CC=C2)=O)C(C(O)=O)N1C(C1=CC=CC=C1C)=O,25,
211,C12=C(C=CN2C3=NC=CC4=C3C=CC=C4)C=CC=C1,C=CCC1=CC=CC=C1,C6=CC(C=CC=C7)=C7C=C6[C@H]%74[C@H](C8=CC(C=CC=C9)=C9C=C8)N(C(C%75=CC=C(C#N)C=C%75)=O)C(C(O)=O)N%74C(C%76=CC=C(C#N)C=C%76)=O,25,
212,C12=C(C=CN2C3=NC=CC4=C3C=CC=C4)C=CC=C1,C=CCC1=CC=CC=C1,C6=CC(C=CC=C7)=C7C=C6[C@H]1[C@H](C8=CC(C=CC=C9)=C9C=C8)N(C(C2=C(Br)C=CC=C2)=O)C(C(O)=O)N1C(C1=CC=CC=C1Br)=O,25,
213,C12=C(C=CN2C3=NC=CC4=C3C=CC=C4)C=CC=C1,C=CCC1=CC=CC=C1,C6=CC(C=CC=C7)=C7C=C6[C@H]%71[C@H](C8=CC(C=CC=C9)=C9C=C8)N(C(C%72=CC=CC(C#N)=C%72)=O)C(C(O)=O)N%71C(C%73=CC(C#N)=CC=C%73)=O,25,
214,C12=C(C=CN2C3=NC=CC4=C3C=CC=C4)C=CC=C1,C=CCC1=CC=CC=C1,C6=CC(C=CC=C7)=C7C=C6[C@H]1[C@H](C8=CC(C=CC=C9)=C9C=C8)N(C(C2=CSC=C2Br)=O)C(C(O)=O)N1C(C1=CSC=C1Br)=O,25,
215,C12=C(C=CN2C3=NC=CC4=C3C=CC=C4)C=CC=C1,C=CCC1=CC=CC=C1,C6=CC(C=CC=C7)=C7C=C6[C@H]1[C@H](C8=CC(C=CC=C9)=C9C=C8)N(C(C2=CC(C)=CC(C)=C2)=O)C(C(O)=O)N1C(C1=CC(C)=CC(C)=C1)=O,25,
216,C12=C(C=CN2C3=NC=CC4=C3C=CC=C4)C=CC=C1,C=CCC1=CC=CC=C1,C6=CC(C=CC=C7)=C7C=C6[C@H]1[C@H](C8=CC(C=CC=C9)=C9C=C8)N(C(C2=C(C3=CC=CC=C3)C=CC=C2)=O)C(C(O)=O)N1C(C1=CC=CC=C1C1=CC=CC=C1)=O,25,
217,C12=C(C=CN2C3=NC=CC4=C3C=CC=C4)C=CC=C1,C=CCC1=CC=CC=C1,C6=CC(C=CC=C7)=C7C=C6[C@H]1[C@H](C8=CC(C=CC=C9)=C9C=C8)N(C(C2=COC3=C2C=CC=C3)=O)C(C(O)=O)N1C(C1=COC2=C1C=CC=C2)=O,25,
218,C12=C(C=CN2C3=NC=CC4=C3C=CC=C4)C=CC=C1,C=CCC1=CC=CC=C1,C6=CC(C=CC=C7)=C7C=C6[C@H]%53[C@H](C8=CC(C=CC=C9)=C9C=C8)N(C(C%54=CC=CC(F)=C%54)=O)C(C(O)=O)N%53C(C%55=CC(F)=CC=C%55)=O,25,
219,C12=C(C=CN2C3=NC=CC4=C3C=CC=C4)C=CC=C1,C=CCC1=CC=CC=C1,C6=CC(C=CC=C7)=C7C=C6[C@H]1[C@H](C8=CC(C=CC=C9)=C9C=C8)N(C(C2=CC(C(F)(F)F)=CC(C(F)(F)F)=C2)=O)C(C(O)=O)N1C(C1=CC(C(F)(F)F)=CC(C(F)(F)F)=C1)=O,25,
220,C12=C(C=CN2C3=NC=CC4=C3C=CC=C4)C=CC=C1,C=CCC1=CC=CC=C1,C6=CC(C=CC=C7)=C7C=C6[C@H]%42[C@H](C8=CC(C=CC=C9)=C9C=C8)N(C(C%43=CC=C(C(C)C)C=C%43)=O)C(C(O)=O)N%42C(C%44=CC=C(C(C)C)C=C%44)=O,25,
221,C12=C(C=CN2C3=NC=CC4=C3C=CC=C4)C=CC=C1,C=CCC1=CC=CC=C1,C6=CC(C=CC=C7)=C7C=C6[C@H]1[C@H](C8=CC(C=CC=C9)=C9C=C8)N(C(C2=C(C3=CC=CC=C3)OC(C)=C2)=O)C(C(O)=O)N1C(C1=C(C2=CC=CC=C2)OC(C)=C1)=O,25,
222,C12=C(C=CN2C3=NC=CC4=C3C=CC=C4)C=CC=C1,C=CCC1=CC=CC=C1,C6=CC(C=CC=C7)=C7C=C6[C@H]1[C@H](C8=CC(C=CC=C9)=C9C=C8)N(C(C2=C(C=CC=C3)C3=CC=C2)=O)C(C(O)=O)N1C(C1=CC=CC2=C1C=CC=C2)=O,25,
223,C12=C(C=CN2C3=NC=CC4=C3C=CC=C4)C=CC=C1,C=CCC1=CC=CC=C1,C6=CC(C=CC=C7)=C7C=C6[C@H]1[C@H](C8=CC(C=CC=C9)=C9C=C8)N(C(C2=CC(C)=C(C)O2)=O)C(C(O)=O)N1C(C1=CC(C)=C(C)O1)=O,25,
224,C12=C(C=CN2C3=NC=CC4=C3C=CC=C4)C=CC=C1,C=CCC1=CC=CC=C1,C6=CC(C=CC=C7)=C7C=C6[C@H]%77[C@H](C8=CC(C=CC=C9)=C9C=C8)N(C(C%78=CC=CC([N+]([O-])=O)=C%78)=O)C(C(O)=O)N%77C(C%79=CC([N+]([O-])=O)=CC=C%79)=O,25,
225,C12=C(C=CN2C3=NC=CC4=C3C=CC=C4)C=CC=C1,C=CCC1=CC=CC=C1,C6=CC(C=CC=C7)=C7C=C6[C@H]%62[C@H](C8=CC(C=CC=C9)=C9C=C8)N(C(C%63=CC=CC(I)=C%63)=O)C(C(O)=O)N%62C(C%64=CC(I)=CC=C%64)=O,25,
226,C12=C(C=CN2C3=NC=CC4=C3C=CC=C4)C=CC=C1,C=CCC1=CC=CC=C1,C6=CC(C=CC=C7)=C7C=C6[C@H]1[C@H](C8=CC(C=CC=C9)=C9C=C8)N(C(C2=COC=C2)=O)C(C(O)=O)N1C(C1=COC=C1)=O,25,
227,C12=C(C=CN2C3=NC=CC4=C3C=CC=C4)C=CC=C1,C=CCC1=CC=CC=C1,C6=CC(C=CC=C7)=C7C=C6[C@H]1[C@H](C8=CC(C=CC=C9)=C9C=C8)N(C(C2=CC(CCCC3)=C3S2)=O)C(C(O)=O)N1C(C1=CC2=C(CCCC2)S1)=O,25,
228,C12=C(C=CN2C3=NC=CC4=C3C=CC=C4)C=CC=C1,C=CCC1=CC=CC=C1,C6=CC(C=CC=C7)=C7C=C6[C@H]1[C@H](C8=CC(C=CC=C9)=C9C=C8)N(C(C2=CC(C=CC=C3)=C3O2)=O)C(C(O)=O)N1C(C1=CC2=C(C=CC=C2)O1)=O,25,
229,C12=C(C=CN2C3=NC=CC4=C3C=CC=C4)C=CC=C1,C=CCC1=CC=CC=C1,C6=CC(C=CC=C7)=C7C=C6[C@H]1[C@H](C8=CC(C=CC=C9)=C9C=C8)N(C(C2=C(C(C)C)C=CC=C2)=O)C(C(O)=O)N1C(C1=CC=CC=C1C(C)C)=O,25,
230,C12=C(C=CN2C3=NC=CC4=C3C=CC=C4)C=CC=C1,C=CCC1=CC=CC=C1,C6=CC(C=CC=C7)=C7C=C6[C@H]1[C@H](C8=CC(C=CC=C9)=C9C=C8)N(C(C2=CC=C(C)O2)=O)C(C(O)=O)N1C(C1=CC=C(C)O1)=O,25,
231,C12=C(C=CN2C3=NC=CC4=C3C=CC=C4)C=CC=C1,C=CCC1=CC=CC=C1,C6=CC(C=CC=C7)=C7C=C6[C@H]1[C@H](C8=CC(C=CC=C9)=C9C=C8)N(C(C2=CC=C(Br)S2)=O)C(C(O)=O)N1C(C1=CC=C(Br)S1)=O,25,
232,C12=C(C=CN2C3=NC=CC4=C3C=CC=C4)C=CC=C1,C=CCC1=CC=CC=C1,C6=CC(C=CC=C7)=C7C=C6[C@H]1[C@H](C8=CC(C=CC=C9)=C9C=C8)N(C(C2=CC=C(C)S2)=O)C(C(O)=O)N1C(C1=CC=C(C)S1)=O,25,
233,C12=C(C=CN2C3=NC=CC4=C3C=CC=C4)C=CC=C1,C=CCC1=CC=CC=C1,C6=CC(C=CC=C7)=C7C=C6[C@H]1[C@H](C8=CC(C=CC=C9)=C9C=C8)N(C(C2=CC=C(C=CC=C3)C3=C2)=O)C(C(O)=O)N1C(C1=CC(C=CC=C2)=C2C=C1)=O,25,
234,C12=C(C=CN2C3=NC=CC4=C3C=CC=C4)C=CC=C1,C=CCC1=CC=CC=C1,C6=CC(C=CC=C7)=C7C=C6[C@H]%83[C@H](C8=CC(C=CC=C9)=C9C=C8)N(C(C%84=CC=CC(CC)=C%84)=O)C(C(O)=O)N%83C(C%85=CC(CC)=CC=C%85)=O,25,
235,C12=C(C=CN2C3=NC=CC4=C3C=CC=C4)C=CC=C1,C=CCC1=CC=CC=C1,C6=CC(C=CC=C7)=C7C=C6[C@H]1[C@H](C8=CC(C=CC=C9)=C9C=C8)N(C(C2=C(Br)C=CS2)=O)C(C(O)=O)N1C(C1=C(Br)C=CS1)=O,25,
236,C12=C(C=CN2C3=NC=CC4=C3C=CC=C4)C=CC=C1,C=CCC1=CC=CC=C1,C6=CC(C=CC=C7)=C7C=C6[C@H]%24[C@H](C8=CC(C=CC=C9)=C9C=C8)N(C(C%25=CC=C(Br)C=C%25)=O)C(C(O)=O)N%24C(C%26=CC=C(Br)C=C%26)=O,25,
237,C12=C(C=CN2C3=NC=CC4=C3C=CC=C4)C=CC=C1,C=CCC1=CC=CC=C1,C6=CC(C=CC=C7)=C7C=C6[C@H]%65[C@H](C8=CC(C=CC=C9)=C9C=C8)N(C(C%66=CC=CC(C(F)(F)F)=C%66)=O)C(C(O)=O)N%65C(C%67=CC(C(F)(F)F)=CC=C%67)=O,25,
238,C12=C(C=CN2C3=NC=CC4=C3C=CC=C4)C=CC=C1,C=CCC1=CC=CC=C1,C6=CC(C=CC=C7)=C7C=C6[C@H]1[C@H](C8=CC(C=CC=C9)=C9C=C8)N(C(C2=CC=C(C#N)O2)=O)C(C(O)=O)N1C(C1=CC=C(C#N)O1)=O,25,
239,C12=C(C=CN2C3=NC=CC4=C3C=CC=C4)C=CC=C1,C=CCC1=CC=CC=C1,C6=CC(C=CC=C7)=C7C=C6[C@H]1[C@H](C8=CC(C=CC=C9)=C9C=C8)N(C(CC2=CC=CC=C2)=O)C(C(O)=O)N1C(CC1=CC=CC=C1)=O,25,
240,C12=C(C=CN2C3=NC=CC4=C3C=CC=C4)C=CC=C1,C=CCC1=CC=CC=C1,C6=CC(C=CC=C7)=C7C=C6[C@H]1[C@H](C8=CC(C=CC=C9)=C9C=C8)N(C(C2=CSC(C)=C2)=O)C(C(O)=O)N1C(C1=CSC(C)=C1)=O,25,
241,C12=C(C=CN2C3=NC=CC4=C3C=CC=C4)C=CC=C1,C=CCC1=CC=CC=C1,C6=CC(C=CC=C7)=C7C=C6[C@H]1[C@H](C8=CC(C=CC=C9)=C9C=C8)N(C(C2=CC=C(C3=CC=CC=C3)O2)=O)C(C(O)=O)N1C(C1=CC=C(C2=CC=CC=C2)O1)=O,25,
242,C12=C(C=CN2C3=NC=CC4=C3C=CC=C4)C=CC=C1,C=CCC1=CC=CC=C1,C6=CC(C=CC=C7)=C7C=C6[C@H]%21[C@H](C8=CC(C=CC=C9)=C9C=C8)N(C(C%22=CC=C(Cl)C=C%22)=O)C(C(O)=O)N%21C(C%23=CC=C(Cl)C=C%23)=O,25,
243,C12=C(C=CN2C3=NC=CC4=C3C=CC=C4)C=CC=C1,C=CCC1=CC=CC=C1,C6=CC(C=CC=C7)=C7C=C6[C@H]%86[C@H](C8=CC(C=CC=C9)=C9C=C8)N(C(C%87=CC=CC(C(C)C)=C%87)=O)C(C(O)=O)N%86C(C%88=CC(C(C)C)=CC=C%88)=O,25,
244,C12=C(C=CN2C3=NC=CC4=C3C=CC=C4)C=CC=C1,C=CCC1=CC=CC=C1,C6=CC(C=CC=C7)=C7C=C6[C@H]%97[C@H](C8=CC(C=CC=C9)=C9C=C8)N(C(C%98=CC=CC(OC)=C%98)=O)C(C(O)=O)N%97C(C%99=CC(OC)=CC=C%99)=O,25,
245,C12=C(C=CN2C3=NC=CC4=C3C=CC=C4)C=CC=C1,C=CCC1=CC=CC=C1,C6=CC(C=CC=C7)=C7C=C6[C@H]1[C@H](C8=CC(C=CC=C9)=C9C=C8)N(C(C2=C(C(C)(C)C)C=CC=C2)=O)C(C(O)=O)N1C(C1=CC=CC=C1C(C)(C)C)=O,25,
246,C12=C(C=CN2C3=NC=CC4=C3C=CC=C4)C=CC=C1,C=CCC1=CC=CC=C1,C6=CC(C=CC=C7)=C7C=C6[C@H]1[C@H](C8=CC(C=CC=C9)=C9C=C8)N(C(C2=C(C)C=CO2)=O)C(C(O)=O)N1C(C1=C(C)C=CO1)=O,25,
247,C12=C(C=CN2C3=NC=CC4=C3C=CC=C4)C=CC=C1,C=CCC1=CC=CC=C1,C6=CC(C=CC=C7)=C7C=C6[C@H]%27[C@H](C8=CC(C=CC=C9)=C9C=C8)N(C(C%28=CC=C(I)C=C%28)=O)C(C(O)=O)N%27C(C%29=CC=C(I)C=C%29)=O,25,
248,C12=C(C=CN2C3=NC=CC4=C3C=CC=C4)C=CC=C1,C=CCC1=CC=CC=C1,C6=CC(C=CC=C7)=C7C=C6[C@H]7[C@H](C8=CC(C=CC=C9)=C9C=C8)N(C(C8=CC=CC=C8)=O)C(C(O)=O)N7C(C9=CC=CC=C9)=O,25,
249,C12=C(C=CN2C3=NC=CC4=C3C=CC=C4)C=CC=C1,C=CCC1=CC=CC=C1,C6=CC(C=CC=C7)=C7C=C6[C@H]1[C@H](C8=CC(C=CC=C9)=C9C=C8)N(C(C2=CSC3=C2C=CC=C3)=O)C(C(O)=O)N1C(C1=CSC2=C1C=CC=C2)=O,25,
250,C12=C(C=CN2C3=NC=CC4=C3C=CC=C4)C=CC=C1,C=CCC1=CC=CC=C1,C6=CC(C=CC=C7)=C7C=C6[C@H]%48[C@H](C8=CC(C=CC=C9)=C9C=C8)N(C(C%49=CC=C(C%50=CC=CC=C%50)C=C%49)=O)C(C(O)=O)N%48C(C%51=CC=C(C%52=CC=CC=C%52)C=C%51)=O,25,
251,C12=C(C=CN2C3=NC=CC4=C3C=CC=C4)C=CC=C1,C=CCC1=CC=CC=C1,C6=CC(C=CC=C7)=C7C=C6[C@H]1[C@H](C8=CC(C=CC=C9)=C9C=C8)N(C(C2=C(C(F)(F)F)C=CC=C2)=O)C(C(O)=O)N1C(C1=CC=CC=C1C(F)(F)F)=O,25,
252,C12=C(C=CN2C3=NC=CC4=C3C=CC=C4)C=CC=C1,C=CCC1=CC=CC=C1,C6=CC(C=CC=C7)=C7C=C6[C@H]1[C@H](C8=CC(C=CC=C9)=C9C=C8)N(C(C2=CC=C([N+]([O-])=O)O2)=O)C(C(O)=O)N1C(C1=CC=C([N+]([O-])=O)O1)=O,25,
253,C12=C(C=CN2C3=NC=CC4=C3C=CC=C4)C=CC=C1,C=CCC1=CC=CC=C1,C6=CC(C=CC=C7)=C7C=C6[C@H]1[C@H](C8=CC(C=CC=C9)=C9C=C8)N(C(C2=COC(Br)=C2)=O)C(C(O)=O)N1C(C1=COC(Br)=C1)=O,25,
254,C12=C(C=CN2C3=NC=CC4=C3C=CC=C4)C=CC=C1,C=CCC1=CC=CC=C1,C6=CC(C=CC=C7)=C7C=C6[C@H]1[C@H](C8=CC(C=CC=C9)=C9C=C8)N(C(C2=C(Br)SC=C2)=O)C(C(O)=O)N1C(C1=C(Br)SC=C1)=O,25,
255,C12=C(C=CN2C3=NC=CC4=C3C=CC=C4)C=CC=C1,C=CCC1=CC=CC=C1,C6=CC(C=CC=C7)=C7C=C6[C@H]1[C@H](C8=CC(C=CC=C9)=C9C=C8)N(C(C2=CC(C(C)(C)C)=CC(C(C)(C)C)=C2)=O)C(C(O)=O)N1C(C1=CC(C(C)(C)C)=CC(C(C)(C)C)=C1)=O,25,
256,C12=C(C=CN2C3=NC=CC4=C3C=CC=C4)C=CC=C1,C=CCC1=CC=CC=C1,C6=CC(C=CC=C7)=C7C=C6[C@H]1[C@H](C8=CC(C=CC=C9)=C9C=C8)N(C(C2=C(C)OC=C2)=O)C(C(O)=O)N1C(C1=C(C)OC=C1)=O,25,
257,C12=C(C=CN2C3=NC=CC4=C3C=CC=C4)C=CC=C1,C=CCC1=CC=CC=C1,C6=CC(C=CC=C7)=C7C=C6[C@H]1[C@H](C8=CC(C=CC=C9)=C9C=C8)N(C(C2=C(C(F)(F)F)OC(C)=C2)=O)C(C(O)=O)N1C(C1=C(C(F)(F)F)OC(C)=C1)=O,25,
258,C12=C(C=CN2C3=NC=CC4=C3C=CC=C4)C=CC=C1,C=CCC1=CC=CC=C1,C6=CC(C=CC=C7)=C7C=C6[C@H]%30[C@H](C8=CC(C=CC=C9)=C9C=C8)N(C(C%31=CC=C(C(F)(F)F)C=C%31)=O)C(C(O)=O)N%30C(C%32=CC=C(C(F)(F)F)C=C%32)=O,25,
259,C12=C(C=CN2C3=NC=CC4=C3C=CC=C4)C=CC=C1,C=CCC1=CC=CC=C1,C6=CC(C=CC=C7)=C7C=C6[C@H]%92[C@H](C8=CC(C=CC=C9)=C9C=C8)N(C(C%93=CC=CC(C%94=CC=CC=C%94)=C%93)=O)C(C(O)=O)N%92C(C%95=CC(C%96=CC=CC=C%96)=CC=C%95)=O,25,
260,C12=C(C=CN2C3=NC=CC4=C3C=CC=C4)C=CC=C1,C=CCC1=CC=CC=C1,C6=CC(C=CC=C7)=C7C=C6[C@H]%10[C@H](C8=CC(C=CC=C9)=C9C=C8)N(C(C%11=CSC=C%11)=O)C(C(O)=O)N%10C(C%12=CSC=C%12)=O,25,
261,C12=C(C=CN2C3=NC=CC4=C3C=CC=C4)C=CC=C1,C=CCC1=CC=CC=C1,C6=CC(C=CC=C7)=C7C=C6[C@H]1[C@H](C8=CC(C=CC=C9)=C9C=C8)N(C(C2=C(CC)C=CC=C2)=O)C(C(O)=O)N1C(C1=CC=CC=C1CC)=O,25,
262,C12=C(C=CN2C3=NC=CC4=C3C=CC=C4)C=CC=C1,C=CCC1=CC=CC=C1,C6=CC(C=CC=C7)=C7C=C6[C@H]%33[C@H](C8=CC(C=CC=C9)=C9C=C8)N(C(C%34=CC=C([N+]([O-])=O)C=C%34)=O)C(C(O)=O)N%33C(C%35=CC=C([N+]([O-])=O)C=C%35)=O,25,
263,C12=C(C=CN2C3=NC=CC4=C3C=CC=C4)C=CC=C1,C=CCC1=CC=CC=C1,C6=CC(C=CC=C7)=C7C=C6[C@H]%39[C@H](C8=CC(C=CC=C9)=C9C=C8)N(C(C%40=CC=C(CC)C=C%40)=O)C(C(O)=O)N%39C(C%41=CC=C(CC)C=C%41)=O,25,
264,C12=C(C=CN2C3=NC=CC4=C3C=CC=C4)C=CC=C1,C=CCC1=CC=CC=C1,C6=CC(C=CC=C7)=C7C=C6[C@H]%80[C@H](C8=CC(C=CC=C9)=C9C=C8)N(C(C%81=CC=CC(C)=C%81)=O)C(C(O)=O)N%80C(C%82=CC(C)=CC=C%82)=O,25,
265,C12=C(C=CN2C3=NC=CC4=C3C=CC=C4)C=CC=C1,C=CCC1=CC=CC=C1,C6=CC(C=CC=C7)=C7C=C6[C@H]1[C@H](C8=CC(C=CC=C9)=C9C=C8)N(C(C2=C(Br)C=CO2)=O)C(C(O)=O)N1C(C1=C(Br)C=CO1)=O,25,
266,C12=C(C=CN2C3=NC=CC4=C3C=CC=C4)C=CC=C1,C=CCC1=CC=CC=C1,C6=CC(C=CC=C7)=C7C=C6[C@H]1[C@H](C8=CC(C=CC=C9)=C9C=C8)N(C(C2=CC(Br)=CS2)=O)C(C(O)=O)N1C(C1=CC(Br)=CS1)=O,25,
267,C12=C(C=CN2C3=NC=CC4=C3C=CC=C4)C=CC=C1,C=CCC1=CC=CC=C1,C6=CC(C=CC=C7)=C7C=C6[C@H]1[C@H](C8=CC(C=CC=C9)=C9C=C8)N(C(C2=CC(C=CC=C3)=C3S2)=O)C(C(O)=O)N1C(C1=CC2=C(C=CC=C2)S1)=O,25,
268,C12=C(C=CN2C3=NC=CC4=C3C=CC=C4)C=CC=C1,C=CCC1=CC=CC=C1,C6=CC(C=CC=C7)=C7C=C6[C@H]1[C@H](C8=CC(C=CC=C9)=C9C=C8)N(C(C2=C(Br)OC=C2)=O)C(C(O)=O)N1C(C1=C(Br)OC=C1)=O,25,
269,C12=C(C=CN2C3=NC=CC4=C3C=CC=C4)C=CC=C1,C=CCC1=CC=CC=C1,C6=CC(C=CC=C7)=C7C=C6[C@H]1[C@H](C8=CC(C=CC=C9)=C9C=C8)N(C(C2=C(C)OC=C2C)=O)C(C(O)=O)N1C(C1=C(C)OC=C1C)=O,25,
270,C12=C(C=CN2C3=NC=CC4=C3C=CC=C4)C=CC=C1,C=CCC1=CC=CC=C1,C8(OC)=CC=CC=C8[C@H]1[C@H](C9=CC=CC=C9OC)N(C(C2=C(C(F)(F)F)OC=C2)=O)C(C(O)=O)N1C(C1=C(C(F)(F)F)OC=C1)=O,25,
271,C12=C(C=CN2C3=NC=CC4=C3C=CC=C4)C=CC=C1,C=CCC1=CC=CC=C1,C8(OC)=CC=CC=C8[C@H]%45[C@H](C9=CC=CC=C9OC)N(C(C%46=CC=C(C(C)(C)C)C=C%46)=O)C(C(O)=O)N%45C(C%47=CC=C(C(C)(C)C)C=C%47)=O,25,
272,C12=C(C=CN2C3=NC=CC4=C3C=CC=C4)C=CC=C1,C=CCC1=CC=CC=C1,C8(OC)=CC=CC=C8[C@H]1[C@H](C9=CC=CC=C9OC)N(C(C2=CC=CO2)=O)C(C(O)=O)N1C(C1=CC=CO1)=O,25,
273,C12=C(C=CN2C3=NC=CC4=C3C=CC=C4)C=CC=C1,C=CCC1=CC=CC=C1,C8(OC)=CC=CC=C8[C@H]1[C@H](C9=CC=CC=C9OC)N(C(C2=CC=C(F)C=C2)=O)C(C(O)=O)N1C(C3=CC=C(F)C=C3)=O,25,
274,C12=C(C=CN2C3=NC=CC4=C3C=CC=C4)C=CC=C1,C=CCC1=CC=CC=C1,C8(OC)=CC=CC=C8[C@H]1[C@H](C9=CC=CC=C9OC)N(C(C2=CC=C(Cl)O2)=O)C(C(O)=O)N1C(C1=CC=C(Cl)O1)=O,25,
275,C12=C(C=CN2C3=NC=CC4=C3C=CC=C4)C=CC=C1,C=CCC1=CC=CC=C1,C8(OC)=CC=CC=C8[C@H]%16[C@H](C9=CC=CC=C9OC)N(C(C%17=CSC=C%17OC)=O)C(C(O)=O)N%16C(C%18=CSC=C%18OC)=O,25,
276,C12=C(C=CN2C3=NC=CC4=C3C=CC=C4)C=CC=C1,C=CCC1=CC=CC=C1,C8(OC)=CC=CC=C8[C@H]1[C@H](C9=CC=CC=C9OC)N(C(C2=C(Cl)C=CC=C2)=O)C(C(O)=O)N1C(C1=CC=CC=C1Cl)=O,25,
277,C12=C(C=CN2C3=NC=CC4=C3C=CC=C4)C=CC=C1,C=CCC1=CC=CC=C1,C8(OC)=CC=CC=C8[C@H]1[C@H](C9=CC=CC=C9OC)N(C(C2=CC(C)=C(C)C=C2)=O)C(C(O)=O)N1C(C1=CC=C(C)C(C)=C1)=O,25,
278,C12=C(C=CN2C3=NC=CC4=C3C=CC=C4)C=CC=C1,C=CCC1=CC=CC=C1,C8(OC)=CC=CC=C8[C@H]%13[C@H](C9=CC=CC=C9OC)N(C(C%14=C(F)C=CS%14)=O)C(C(O)=O)N%13C(C%15=C(F)C=CS%15)=O,25,
279,C12=C(C=CN2C3=NC=CC4=C3C=CC=C4)C=CC=C1,C=CCC1=CC=CC=C1,C8(OC)=CC=CC=C8[C@H]1[C@H](C9=CC=CC=C9OC)N(C(C2=C(C)OC(C3=CC=CC=C3)=C2)=O)C(C(O)=O)N1C(C1=C(C)OC(C2=CC=CC=C2)=C1)=O,25,
280,C12=C(C=CN2C3=NC=CC4=C3C=CC=C4)C=CC=C1,C=CCC1=CC=CC=C1,C8(OC)=CC=CC=C8[C@H]1[C@H](C9=CC=CC=C9OC)N(C(C2=CC=C(Cl)S2)=O)C(C(O)=O)N1C(C1=CC=C(Cl)S1)=O,25,
281,C12=C(C=CN2C3=NC=CC4=C3C=CC=C4)C=CC=C1,C=CCC1=CC=CC=C1,C8(OC)=CC=CC=C8[C@H]%36[C@H](C9=CC=CC=C9OC)N(C(C%37=CC=C(C)C=C%37)=O)C(C(O)=O)N%36C(C%38=CC=C(C)C=C%38)=O,25,
282,C12=C(C=CN2C3=NC=CC4=C3C=CC=C4)C=CC=C1,C=CCC1=CC=CC=C1,C8(OC)=CC=CC=C8[C@H]4[C@H](C9=CC=CC=C9OC)N(C(C5=CC=CS5)=O)C(C(O)=O)N4C(C6=CC=CS6)=O,25,
283,C12=C(C=CN2C3=NC=CC4=C3C=CC=C4)C=CC=C1,C=CCC1=CC=CC=C1,C8(OC)=CC=CC=C8[C@H]1[C@H](C9=CC=CC=C9OC)N(C(C2=C(F)C=CC=C2)=O)C(C(O)=O)N1C(C1=CC=CC=C1F)=O,25,
284,C12=C(C=CN2C3=NC=CC4=C3C=CC=C4)C=CC=C1,C=CCC1=CC=CC=C1,C8(OC)=CC=CC=C8[C@H]1[C@H](C9=CC=CC=C9OC)N(C(C2=C([N+]([O-])=O)C=CC=C2)=O)C(C(O)=O)N1C(C1=CC=CC=C1[N+]([O-])=O)=O,25,
285,C12=C(C=CN2C3=NC=CC4=C3C=CC=C4)C=CC=C1,C=CCC1=CC=CC=C1,C8(OC)=CC=CC=C8[C@H]1[C@H](C9=CC=CC=C9OC)N(C(C2=COC=C2C)=O)C(C(O)=O)N1C(C1=COC=C1C)=O,25,
286,C12=C(C=CN2C3=NC=CC4=C3C=CC=C4)C=CC=C1,C=CCC1=CC=CC=C1,C8(OC)=CC=CC=C8[C@H]1[C@H](C9=CC=CC=C9OC)N(C(C2=C(OC)C=CC=C2)=O)C(C(O)=O)N1C(C1=CC=CC=C1OC)=O,25,
287,C12=C(C=CN2C3=NC=CC4=C3C=CC=C4)C=CC=C1,C=CCC1=CC=CC=C1,C8(OC)=CC=CC=C8[C@H]1[C@H](C9=CC=CC=C9OC)N(C(C2=C(C)C(C=CC=C3)=C3O2)=O)C(C(O)=O)N1C(C1=C(C)C2=C(C=CC=C2)O1)=O,25,
288,C12=C(C=CN2C3=NC=CC4=C3C=CC=C4)C=CC=C1,C=CCC1=CC=CC=C1,C8(OC)=CC=CC=C8[C@H]%68[C@H](C9=CC=CC=C9OC)N(C(C%69=CC=C(OC)C=C%69)=O)C(C(O)=O)N%68C(C%70=CC=C(OC)C=C%70)=O,25,
289,C12=C(C=CN2C3=NC=CC4=C3C=CC=C4)C=CC=C1,C=CCC1=CC=CC=C1,C8(OC)=CC=CC=C8[C@H]1[C@H](C9=CC=CC=C9OC)N(C(C2=COC(C)=C2)=O)C(C(O)=O)N1C(C1=COC(C)=C1)=O,25,
290,C12=C(C=CN2C3=NC=CC4=C3C=CC=C4)C=CC=C1,C=CCC1=CC=CC=C1,C8(OC)=CC=CC=C8[C@H]%56[C@H](C9=CC=CC=C9OC)N(C(C%57=CC=CC(Cl)=C%57)=O)C(C(O)=O)N%56C(C%58=CC(Cl)=CC=C%58)=O,25,
291,C12=C(C=CN2C3=NC=CC4=C3C=CC=C4)C=CC=C1,C=CCC1=CC=CC=C1,C8(OC)=CC=CC=C8[C@H]1[C@H](C9=CC=CC=C9OC)N(C(C2=C(C)C=CS2)=O)C(C(O)=O)N1C(C1=C(C)C=CS1)=O,25,
292,C12=C(C=CN2C3=NC=CC4=C3C=CC=C4)C=CC=C1,C=CCC1=CC=CC=C1,C8(OC)=CC=CC=C8[C@H]%89[C@H](C9=CC=CC=C9OC)N(C(C%90=CC=CC(C(C)(C)C)=C%90)=O)C(C(O)=O)N%89C(C%91=CC(C(C)(C)C)=CC=C%91)=O,25,
293,C12=C(C=CN2C3=NC=CC4=C3C=CC=C4)C=CC=C1,C=CCC1=CC=CC=C1,C8(OC)=CC=CC=C8[C@H]1[C@H](C9=CC=CC=C9OC)N(C(C2=C(C#N)C=CC=C2)=O)C(C(O)=O)N1C(C1=CC=CC=C1C#N)=O,25,
294,C12=C(C=CN2C3=NC=CC4=C3C=CC=C4)C=CC=C1,C=CCC1=CC=CC=C1,C8(OC)=CC=CC=C8[C@H]1[C@H](C9=CC=CC=C9OC)N(C(C2=C(C)OC(C)=C2)=O)C(C(O)=O)N1C(C1=C(C)OC(C)=C1)=O,25,
295,C12=C(C=CN2C3=NC=CC4=C3C=CC=C4)C=CC=C1,C=CCC1=CC=CC=C1,C8(OC)=CC=CC=C8[C@H]%59[C@H](C9=CC=CC=C9OC)N(C(C%60=CC=CC(Br)=C%60)=O)C(C(O)=O)N%59C(C%61=CC(Br)=CC=C%61)=O,25,
296,C12=C(C=CN2C3=NC=CC4=C3C=CC=C4)C=CC=C1,C=CCC1=CC=CC=C1,C8(OC)=CC=CC=C8[C@H]1[C@H](C9=CC=CC=C9OC)N(C(CCCCC)=O)C(C(O)=O)N1C(CCCCC)=O,25,
297,C12=C(C=CN2C3=NC=CC4=C3C=CC=C4)C=CC=C1,C=CCC1=CC=CC=C1,C8(OC)=CC=CC=C8[C@H]1[C@H](C9=CC=CC=C9OC)N(C(C2=C(I)C=CC=C2)=O)C(C(O)=O)N1C(C1=CC=CC=C1I)=O,25,
298,C12=C(C=CN2C3=NC=CC4=C3C=CC=C4)C=CC=C1,C=CCC1=CC=CC=C1,C8(OC)=CC=CC=C8[C@H]1[C@H](C9=CC=CC=C9OC)N(C(C2=C(Cl)SC(Cl)=C2)=O)C(C(O)=O)N1C(C1=C(Cl)SC(Cl)=C1)=O,25,
299,C12=C(C=CN2C3=NC=CC4=C3C=CC=C4)C=CC=C1,C=CCC1=CC=CC=C1,C8(OC)=CC=CC=C8[C@H]1[C@H](C9=CC=CC=C9OC)N(C(C2=CC(C)=CS2)=O)C(C(O)=O)N1C(C1=CC(C)=CS1)=O,25,
300,C12=C(C=CN2C3=NC=CC4=C3C=CC=C4)C=CC=C1,C=CCC1=CC=CC=C1,C8(OC)=CC=CC=C8[C@H]1[C@H](C9=CC=CC=C9OC)N(C(C2=C(C)C=CC=C2)=O)C(C(O)=O)N1C(C1=CC=CC=C1C)=O,25,
301,C12=C(C=CN2C3=NC=CC4=C3C=CC=C4)C=CC=C1,C=CCC1=CC=CC=C1,C8(OC)=CC=CC=C8[C@H]%74[C@H](C9=CC=CC=C9OC)N(C(C%75=CC=C(C#N)C=C%75)=O)C(C(O)=O)N%74C(C%76=CC=C(C#N)C=C%76)=O,25,
302,C12=C(C=CN2C3=NC=CC4=C3C=CC=C4)C=CC=C1,C=CCC1=CC=CC=C1,C8(OC)=CC=CC=C8[C@H]1[C@H](C9=CC=CC=C9OC)N(C(C2=C(Br)C=CC=C2)=O)C(C(O)=O)N1C(C1=CC=CC=C1Br)=O,25,
303,C12=C(C=CN2C3=NC=CC4=C3C=CC=C4)C=CC=C1,C=CCC1=CC=CC=C1,C8(OC)=CC=CC=C8[C@H]%71[C@H](C9=CC=CC=C9OC)N(C(C%72=CC=CC(C#N)=C%72)=O)C(C(O)=O)N%71C(C%73=CC(C#N)=CC=C%73)=O,25,
304,C12=C(C=CN2C3=NC=CC4=C3C=CC=C4)C=CC=C1,C=CCC1=CC=CC=C1,C8(OC)=CC=CC=C8[C@H]1[C@H](C9=CC=CC=C9OC)N(C(C2=CSC=C2Br)=O)C(C(O)=O)N1C(C1=CSC=C1Br)=O,25,
305,C12=C(C=CN2C3=NC=CC4=C3C=CC=C4)C=CC=C1,C=CCC1=CC=CC=C1,C8(OC)=CC=CC=C8[C@H]1[C@H](C9=CC=CC=C9OC)N(C(C2=CC(C)=CC(C)=C2)=O)C(C(O)=O)N1C(C1=CC(C)=CC(C)=C1)=O,25,
306,C12=C(C=CN2C3=NC=CC4=C3C=CC=C4)C=CC=C1,C=CCC1=CC=CC=C1,C8(OC)=CC=CC=C8[C@H]1[C@H](C9=CC=CC=C9OC)N(C(C2=C(C3=CC=CC=C3)C=CC=C2)=O)C(C(O)=O)N1C(C1=CC=CC=C1C1=CC=CC=C1)=O,25,
307,C12=C(C=CN2C3=NC=CC4=C3C=CC=C4)C=CC=C1,C=CCC1=CC=CC=C1,C8(OC)=CC=CC=C8[C@H]1[C@H](C9=CC=CC=C9OC)N(C(C2=COC3=C2C=CC=C3)=O)C(C(O)=O)N1C(C1=COC2=C1C=CC=C2)=O,25,
308,C12=C(C=CN2C3=NC=CC4=C3C=CC=C4)C=CC=C1,C=CCC1=CC=CC=C1,C8(OC)=CC=CC=C8[C@H]%53[C@H](C9=CC=CC=C9OC)N(C(C%54=CC=CC(F)=C%54)=O)C(C(O)=O)N%53C(C%55=CC(F)=CC=C%55)=O,25,
309,C12=C(C=CN2C3=NC=CC4=C3C=CC=C4)C=CC=C1,C=CCC1=CC=CC=C1,C8(OC)=CC=CC=C8[C@H]1[C@H](C9=CC=CC=C9OC)N(C(C2=CC(C(F)(F)F)=CC(C(F)(F)F)=C2)=O)C(C(O)=O)N1C(C1=CC(C(F)(F)F)=CC(C(F)(F)F)=C1)=O,25,
310,C12=C(C=CN2C3=NC=CC4=C3C=CC=C4)C=CC=C1,C=CCC1=CC=CC=C1,C8(OC)=CC=CC=C8[C@H]%42[C@H](C9=CC=CC=C9OC)N(C(C%43=CC=C(C(C)C)C=C%43)=O)C(C(O)=O)N%42C(C%44=CC=C(C(C)C)C=C%44)=O,25,
311,C12=C(C=CN2C3=NC=CC4=C3C=CC=C4)C=CC=C1,C=CCC1=CC=CC=C1,C8(OC)=CC=CC=C8[C@H]1[C@H](C9=CC=CC=C9OC)N(C(C2=C(C3=CC=CC=C3)OC(C)=C2)=O)C(C(O)=O)N1C(C1=C(C2=CC=CC=C2)OC(C)=C1)=O,25,
312,C12=C(C=CN2C3=NC=CC4=C3C=CC=C4)C=CC=C1,C=CCC1=CC=CC=C1,C8(OC)=CC=CC=C8[C@H]1[C@H](C9=CC=CC=C9OC)N(C(C2=C(C=CC=C3)C3=CC=C2)=O)C(C(O)=O)N1C(C1=CC=CC2=C1C=CC=C2)=O,25,
313,C12=C(C=CN2C3=NC=CC4=C3C=CC=C4)C=CC=C1,C=CCC1=CC=CC=C1,C8(OC)=CC=CC=C8[C@H]1[C@H](C9=CC=CC=C9OC)N(C(C2=CC(C)=C(C)O2)=O)C(C(O)=O)N1C(C1=CC(C)=C(C)O1)=O,25,
314,C12=C(C=CN2C3=NC=CC4=C3C=CC=C4)C=CC=C1,C=CCC1=CC=CC=C1,C8(OC)=CC=CC=C8[C@H]%77[C@H](C9=CC=CC=C9OC)N(C(C%78=CC=CC([N+]([O-])=O)=C%78)=O)C(C(O)=O)N%77C(C%79=CC([N+]([O-])=O)=CC=C%79)=O,25,
315,C12=C(C=CN2C3=NC=CC4=C3C=CC=C4)C=CC=C1,C=CCC1=CC=CC=C1,C8(OC)=CC=CC=C8[C@H]%62[C@H](C9=CC=CC=C9OC)N(C(C%63=CC=CC(I)=C%63)=O)C(C(O)=O)N%62C(C%64=CC(I)=CC=C%64)=O,25,
316,C12=C(C=CN2C3=NC=CC4=C3C=CC=C4)C=CC=C1,C=CCC1=CC=CC=C1,C8(OC)=CC=CC=C8[C@H]1[C@H](C9=CC=CC=C9OC)N(C(C2=COC=C2)=O)C(C(O)=O)N1C(C1=COC=C1)=O,25,
317,C12=C(C=CN2C3=NC=CC4=C3C=CC=C4)C=CC=C1,C=CCC1=CC=CC=C1,C8(OC)=CC=CC=C8[C@H]1[C@H](C9=CC=CC=C9OC)N(C(C2=CC(CCCC3)=C3S2)=O)C(C(O)=O)N1C(C1=CC2=C(CCCC2)S1)=O,25,
318,C12=C(C=CN2C3=NC=CC4=C3C=CC=C4)C=CC=C1,C=CCC1=CC=CC=C1,C8(OC)=CC=CC=C8[C@H]1[C@H](C9=CC=CC=C9OC)N(C(C2=CC(C=CC=C3)=C3O2)=O)C(C(O)=O)N1C(C1=CC2=C(C=CC=C2)O1)=O,25,
319,C12=C(C=CN2C3=NC=CC4=C3C=CC=C4)C=CC=C1,C=CCC1=CC=CC=C1,C8(OC)=CC=CC=C8[C@H]1[C@H](C9=CC=CC=C9OC)N(C(C2=C(C(C)C)C=CC=C2)=O)C(C(O)=O)N1C(C1=CC=CC=C1C(C)C)=O,25,
320,C12=C(C=CN2C3=NC=CC4=C3C=CC=C4)C=CC=C1,C=CCC1=CC=CC=C1,C8(OC)=CC=CC=C8[C@H]1[C@H](C9=CC=CC=C9OC)N(C(C2=CC=C(C)O2)=O)C(C(O)=O)N1C(C1=CC=C(C)O1)=O,25,
321,C12=C(C=CN2C3=NC=CC4=C3C=CC=C4)C=CC=C1,C=CCC1=CC=CC=C1,C8(OC)=CC=CC=C8[C@H]1[C@H](C9=CC=CC=C9OC)N(C(C2=CC=C(Br)S2)=O)C(C(O)=O)N1C(C1=CC=C(Br)S1)=O,25,
322,C12=C(C=CN2C3=NC=CC4=C3C=CC=C4)C=CC=C1,C=CCC1=CC=CC=C1,C8(OC)=CC=CC=C8[C@H]1[C@H](C9=CC=CC=C9OC)N(C(C2=CC=C(C)S2)=O)C(C(O)=O)N1C(C1=CC=C(C)S1)=O,25,
323,C12=C(C=CN2C3=NC=CC4=C3C=CC=C4)C=CC=C1,C=CCC1=CC=CC=C1,C8(OC)=CC=CC=C8[C@H]1[C@H](C9=CC=CC=C9OC)N(C(C2=CC=C(C=CC=C3)C3=C2)=O)C(C(O)=O)N1C(C1=CC(C=CC=C2)=C2C=C1)=O,25,
324,C12=C(C=CN2C3=NC=CC4=C3C=CC=C4)C=CC=C1,C=CCC1=CC=CC=C1,C8(OC)=CC=CC=C8[C@H]%83[C@H](C9=CC=CC=C9OC)N(C(C%84=CC=CC(CC)=C%84)=O)C(C(O)=O)N%83C(C%85=CC(CC)=CC=C%85)=O,25,
325,C12=C(C=CN2C3=NC=CC4=C3C=CC=C4)C=CC=C1,C=CCC1=CC=CC=C1,C8(OC)=CC=CC=C8[C@H]1[C@H](C9=CC=CC=C9OC)N(C(C2=C(Br)C=CS2)=O)C(C(O)=O)N1C(C1=C(Br)C=CS1)=O,25,
326,C12=C(C=CN2C3=NC=CC4=C3C=CC=C4)C=CC=C1,C=CCC1=CC=CC=C1,C8(OC)=CC=CC=C8[C@H]%24[C@H](C9=CC=CC=C9OC)N(C(C%25=CC=C(Br)C=C%25)=O)C(C(O)=O)N%24C(C%26=CC=C(Br)C=C%26)=O,25,
327,C12=C(C=CN2C3=NC=CC4=C3C=CC=C4)C=CC=C1,C=CCC1=CC=CC=C1,C8(OC)=CC=CC=C8[C@H]%65[C@H](C9=CC=CC=C9OC)N(C(C%66=CC=CC(C(F)(F)F)=C%66)=O)C(C(O)=O)N%65C(C%67=CC(C(F)(F)F)=CC=C%67)=O,25,
328,C12=C(C=CN2C3=NC=CC4=C3C=CC=C4)C=CC=C1,C=CCC1=CC=CC=C1,C8(OC)=CC=CC=C8[C@H]1[C@H](C9=CC=CC=C9OC)N(C(C2=CC=C(C#N)O2)=O)C(C(O)=O)N1C(C1=CC=C(C#N)O1)=O,25,
329,C12=C(C=CN2C3=NC=CC4=C3C=CC=C4)C=CC=C1,C=CCC1=CC=CC=C1,C8(OC)=CC=CC=C8[C@H]1[C@H](C9=CC=CC=C9OC)N(C(CC2=CC=CC=C2)=O)C(C(O)=O)N1C(CC1=CC=CC=C1)=O,25,
330,C12=C(C=CN2C3=NC=CC4=C3C=CC=C4)C=CC=C1,C=CCC1=CC=CC=C1,C8(OC)=CC=CC=C8[C@H]1[C@H](C9=CC=CC=C9OC)N(C(C2=CSC(C)=C2)=O)C(C(O)=O)N1C(C1=CSC(C)=C1)=O,25,
331,C12=C(C=CN2C3=NC=CC4=C3C=CC=C4)C=CC=C1,C=CCC1=CC=CC=C1,C8(OC)=CC=CC=C8[C@H]1[C@H](C9=CC=CC=C9OC)N(C(C2=CC=C(C3=CC=CC=C3)O2)=O)C(C(O)=O)N1C(C1=CC=C(C2=CC=CC=C2)O1)=O,25,
332,C12=C(C=CN2C3=NC=CC4=C3C=CC=C4)C=CC=C1,C=CCC1=CC=CC=C1,C8(OC)=CC=CC=C8[C@H]%21[C@H](C9=CC=CC=C9OC)N(C(C%22=CC=C(Cl)C=C%22)=O)C(C(O)=O)N%21C(C%23=CC=C(Cl)C=C%23)=O,25,
333,C12=C(C=CN2C3=NC=CC4=C3C=CC=C4)C=CC=C1,C=CCC1=CC=CC=C1,C8(OC)=CC=CC=C8[C@H]%86[C@H](C9=CC=CC=C9OC)N(C(C%87=CC=CC(C(C)C)=C%87)=O)C(C(O)=O)N%86C(C%88=CC(C(C)C)=CC=C%88)=O,25,
334,C12=C(C=CN2C3=NC=CC4=C3C=CC=C4)C=CC=C1,C=CCC1=CC=CC=C1,C8(OC)=CC=CC=C8[C@H]%97[C@H](C9=CC=CC=C9OC)N(C(C%98=CC=CC(OC)=C%98)=O)C(C(O)=O)N%97C(C%99=CC(OC)=CC=C%99)=O,25,
335,C12=C(C=CN2C3=NC=CC4=C3C=CC=C4)C=CC=C1,C=CCC1=CC=CC=C1,C8(OC)=CC=CC=C8[C@H]1[C@H](C9=CC=CC=C9OC)N(C(C2=C(C(C)(C)C)C=CC=C2)=O)C(C(O)=O)N1C(C1=CC=CC=C1C(C)(C)C)=O,25,
336,C12=C(C=CN2C3=NC=CC4=C3C=CC=C4)C=CC=C1,C=CCC1=CC=CC=C1,C8(OC)=CC=CC=C8[C@H]1[C@H](C9=CC=CC=C9OC)N(C(C2=C(C)C=CO2)=O)C(C(O)=O)N1C(C1=C(C)C=CO1)=O,25,
337,C12=C(C=CN2C3=NC=CC4=C3C=CC=C4)C=CC=C1,C=CCC1=CC=CC=C1,C8(OC)=CC=CC=C8[C@H]%27[C@H](C9=CC=CC=C9OC)N(C(C%28=CC=C(I)C=C%28)=O)C(C(O)=O)N%27C(C%29=CC=C(I)C=C%29)=O,25,
338,C12=C(C=CN2C3=NC=CC4=C3C=CC=C4)C=CC=C1,C=CCC1=CC=CC=C1,C8(OC)=CC=CC=C8[C@H]7[C@H](C9=CC=CC=C9OC)N(C(C8=CC=CC=C8)=O)C(C(O)=O)N7C(C9=CC=CC=C9)=O,25,
339,C12=C(C=CN2C3=NC=CC4=C3C=CC=C4)C=CC=C1,C=CCC1=CC=CC=C1,C8(OC)=CC=CC=C8[C@H]1[C@H](C9=CC=CC=C9OC)N(C(C2=CSC3=C2C=CC=C3)=O)C(C(O)=O)N1C(C1=CSC2=C1C=CC=C2)=O,25,
340,C12=C(C=CN2C3=NC=CC4=C3C=CC=C4)C=CC=C1,C=CCC1=CC=CC=C1,C8(OC)=CC=CC=C8[C@H]%48[C@H](C9=CC=CC=C9OC)N(C(C%49=CC=C(C%50=CC=CC=C%50)C=C%49)=O)C(C(O)=O)N%48C(C%51=CC=C(C%52=CC=CC=C%52)C=C%51)=O,25,
341,C12=C(C=CN2C3=NC=CC4=C3C=CC=C4)C=CC=C1,C=CCC1=CC=CC=C1,C8(OC)=CC=CC=C8[C@H]1[C@H](C9=CC=CC=C9OC)N(C(C2=C(C(F)(F)F)C=CC=C2)=O)C(C(O)=O)N1C(C1=CC=CC=C1C(F)(F)F)=O,25,
342,C12=C(C=CN2C3=NC=CC4=C3C=CC=C4)C=CC=C1,C=CCC1=CC=CC=C1,C8(OC)=CC=CC=C8[C@H]1[C@H](C9=CC=CC=C9OC)N(C(C2=CC=C([N+]([O-])=O)O2)=O)C(C(O)=O)N1C(C1=CC=C([N+]([O-])=O)O1)=O,25,
343,C12=C(C=CN2C3=NC=CC4=C3C=CC=C4)C=CC=C1,C=CCC1=CC=CC=C1,C8(OC)=CC=CC=C8[C@H]1[C@H](C9=CC=CC=C9OC)N(C(C2=COC(Br)=C2)=O)C(C(O)=O)N1C(C1=COC(Br)=C1)=O,25,
344,C12=C(C=CN2C3=NC=CC4=C3C=CC=C4)C=CC=C1,C=CCC1=CC=CC=C1,C8(OC)=CC=CC=C8[C@H]1[C@H](C9=CC=CC=C9OC)N(C(C2=C(Br)SC=C2)=O)C(C(O)=O)N1C(C1=C(Br)SC=C1)=O,25,
345,C12=C(C=CN2C3=NC=CC4=C3C=CC=C4)C=CC=C1,C=CCC1=CC=CC=C1,C8(OC)=CC=CC=C8[C@H]1[C@H](C9=CC=CC=C9OC)N(C(C2=CC(C(C)(C)C)=CC(C(C)(C)C)=C2)=O)C(C(O)=O)N1C(C1=CC(C(C)(C)C)=CC(C(C)(C)C)=C1)=O,25,
346,C12=C(C=CN2C3=NC=CC4=C3C=CC=C4)C=CC=C1,C=CCC1=CC=CC=C1,C8(OC)=CC=CC=C8[C@H]1[C@H](C9=CC=CC=C9OC)N(C(C2=C(C)OC=C2)=O)C(C(O)=O)N1C(C1=C(C)OC=C1)=O,25,
347,C12=C(C=CN2C3=NC=CC4=C3C=CC=C4)C=CC=C1,C=CCC1=CC=CC=C1,C8(OC)=CC=CC=C8[C@H]1[C@H](C9=CC=CC=C9OC)N(C(C2=C(C(F)(F)F)OC(C)=C2)=O)C(C(O)=O)N1C(C1=C(C(F)(F)F)OC(C)=C1)=O,25,
348,C12=C(C=CN2C3=NC=CC4=C3C=CC=C4)C=CC=C1,C=CCC1=CC=CC=C1,C8(OC)=CC=CC=C8[C@H]%30[C@H](C9=CC=CC=C9OC)N(C(C%31=CC=C(C(F)(F)F)C=C%31)=O)C(C(O)=O)N%30C(C%32=CC=C(C(F)(F)F)C=C%32)=O,25,
349,C12=C(C=CN2C3=NC=CC4=C3C=CC=C4)C=CC=C1,C=CCC1=CC=CC=C1,C8(OC)=CC=CC=C8[C@H]%92[C@H](C9=CC=CC=C9OC)N(C(C%93=CC=CC(C%94=CC=CC=C%94)=C%93)=O)C(C(O)=O)N%92C(C%95=CC(C%96=CC=CC=C%96)=CC=C%95)=O,25,
350,C12=C(C=CN2C3=NC=CC4=C3C=CC=C4)C=CC=C1,C=CCC1=CC=CC=C1,C8(OC)=CC=CC=C8[C@H]%10[C@H](C9=CC=CC=C9OC)N(C(C%11=CSC=C%11)=O)C(C(O)=O)N%10C(C%12=CSC=C%12)=O,25,
351,C12=C(C=CN2C3=NC=CC4=C3C=CC=C4)C=CC=C1,C=CCC1=CC=CC=C1,C8(OC)=CC=CC=C8[C@H]1[C@H](C9=CC=CC=C9OC)N(C(C2=C(CC)C=CC=C2)=O)C(C(O)=O)N1C(C1=CC=CC=C1CC)=O,25,
352,C12=C(C=CN2C3=NC=CC4=C3C=CC=C4)C=CC=C1,C=CCC1=CC=CC=C1,C8(OC)=CC=CC=C8[C@H]%33[C@H](C9=CC=CC=C9OC)N(C(C%34=CC=C([N+]([O-])=O)C=C%34)=O)C(C(O)=O)N%33C(C%35=CC=C([N+]([O-])=O)C=C%35)=O,25,
353,C12=C(C=CN2C3=NC=CC4=C3C=CC=C4)C=CC=C1,C=CCC1=CC=CC=C1,C8(OC)=CC=CC=C8[C@H]%39[C@H](C9=CC=CC=C9OC)N(C(C%40=CC=C(CC)C=C%40)=O)C(C(O)=O)N%39C(C%41=CC=C(CC)C=C%41)=O,25,
354,C12=C(C=CN2C3=NC=CC4=C3C=CC=C4)C=CC=C1,C=CCC1=CC=CC=C1,C8(OC)=CC=CC=C8[C@H]%80[C@H](C9=CC=CC=C9OC)N(C(C%81=CC=CC(C)=C%81)=O)C(C(O)=O)N%80C(C%82=CC(C)=CC=C%82)=O,25,
355,C12=C(C=CN2C3=NC=CC4=C3C=CC=C4)C=CC=C1,C=CCC1=CC=CC=C1,C8(OC)=CC=CC=C8[C@H]1[C@H](C9=CC=CC=C9OC)N(C(C2=C(Br)C=CO2)=O)C(C(O)=O)N1C(C1=C(Br)C=CO1)=O,25,
356,C12=C(C=CN2C3=NC=CC4=C3C=CC=C4)C=CC=C1,C=CCC1=CC=CC=C1,C8(OC)=CC=CC=C8[C@H]1[C@H](C9=CC=CC=C9OC)N(C(C2=CC(Br)=CS2)=O)C(C(O)=O)N1C(C1=CC(Br)=CS1)=O,25,
357,C12=C(C=CN2C3=NC=CC4=C3C=CC=C4)C=CC=C1,C=CCC1=CC=CC=C1,C8(OC)=CC=CC=C8[C@H]1[C@H](C9=CC=CC=C9OC)N(C(C2=CC(C=CC=C3)=C3S2)=O)C(C(O)=O)N1C(C1=CC2=C(C=CC=C2)S1)=O,25,
358,C12=C(C=CN2C3=NC=CC4=C3C=CC=C4)C=CC=C1,C=CCC1=CC=CC=C1,C8(OC)=CC=CC=C8[C@H]1[C@H](C9=CC=CC=C9OC)N(C(C2=C(Br)OC=C2)=O)C(C(O)=O)N1C(C1=C(Br)OC=C1)=O,25,
359,C12=C(C=CN2C3=NC=CC4=C3C=CC=C4)C=CC=C1,C=CCC1=CC=CC=C1,C8(OC)=CC=CC=C8[C@H]1[C@H](C9=CC=CC=C9OC)N(C(C2=C(C)OC=C2C)=O)C(C(O)=O)N1C(C1=C(C)OC=C1C)=O,25,
